code,candleDateTime,candleDateTimeKst,openingPrice,highPrice,lowPrice,tradePrice,candleAccTradeVolume,candleAccTradePrice,timestamp,prevClosingPrice,change,changePrice,signedChangePrice,changeRate,signedChangeRate,
CRIX.UPBIT.KRW-STEEM,2018-09-20T00:00:00+00:00,2018-09-20T09:00:00+09:00,897.0,930.0,878.0,930.0,583710.33638756,523489364.29482186,1537401600000,898.0,RISE,32.0,32.0,0.0356347439,0.0356347439,
CRIX.UPBIT.KRW-STEEM,2018-09-19T00:00:00+00:00,2018-09-19T09:00:00+09:00,925.0,955.0,860.0,898.0,1357101.59942161,1227287417.2691653,1537401590174,925.0,FALL,27.0,-27.0,0.0291891892,-0.0291891892,
CRIX.UPBIT.KRW-STEEM,2018-09-18T00:00:00+00:00,2018-09-18T09:00:00+09:00,807.0,1025.0,795.0,925.0,5759596.81407756,5440777593.146676,1537228800000,807.0,RISE,118.0,118.0,0.14622057,0.14622057,
CRIX.UPBIT.KRW-STEEM,2018-09-17T00:00:00+00:00,2018-09-17T09:00:00+09:00,857.0,880.0,800.0,807.0,700547.32601448,592695450.563203,1537142400000,857.0,FALL,50.0,-50.0,0.0583430572,-0.0583430572,
CRIX.UPBIT.KRW-STEEM,2018-09-16T00:00:00+00:00,2018-09-16T09:00:00+09:00,823.0,890.0,800.0,857.0,633243.68045436,536910301.0914006,1537142393301,823.0,RISE,34.0,34.0,0.0413122722,0.0413122722,
CRIX.UPBIT.KRW-STEEM,2018-09-15T00:00:00+00:00,2018-09-15T09:00:00+09:00,812.0,844.0,804.0,823.0,187233.55042377,153605458.84738383,1537055933239,812.0,RISE,11.0,11.0,0.013546798,0.013546798,
CRIX.UPBIT.KRW-STEEM,2018-09-14T00:00:00+00:00,2018-09-14T09:00:00+09:00,833.0,844.0,783.0,812.0,310552.80326448,253150716.0382824,1536883200000,834.0,FALL,22.0,-22.0,0.0263788969,-0.0263788969,
CRIX.UPBIT.KRW-STEEM,2018-09-13T00:00:00+00:00,2018-09-13T09:00:00+09:00,797.0,862.0,795.0,834.0,169448.76887741,139905248.83573455,1536883189977,797.0,RISE,37.0,37.0,0.0464240903,0.0464240903,
CRIX.UPBIT.KRW-STEEM,2018-09-12T00:00:00+00:00,2018-09-12T09:00:00+09:00,827.0,837.0,758.0,797.0,207865.63274511,163453802.18435463,1536710400000,827.0,FALL,30.0,-30.0,0.0362756953,-0.0362756953,
CRIX.UPBIT.KRW-STEEM,2018-09-11T00:00:00+00:00,2018-09-11T09:00:00+09:00,879.0,890.0,815.0,827.0,167690.33797901,142308020.65074223,1536624000000,873.0,FALL,46.0,-46.0,0.0526918671,-0.0526918671,
CRIX.UPBIT.KRW-STEEM,2018-09-10T00:00:00+00:00,2018-09-10T09:00:00+09:00,885.0,923.0,866.0,873.0,150968.33502859,135267521.23817468,1536537600000,885.0,FALL,12.0,-12.0,0.013559322,-0.013559322,
CRIX.UPBIT.KRW-STEEM,2018-09-09T00:00:00+00:00,2018-09-09T09:00:00+09:00,899.0,928.0,870.0,885.0,183419.52910319,164232937.42702374,1536451200000,899.0,FALL,14.0,-14.0,0.0155728587,-0.0155728587,
CRIX.UPBIT.KRW-STEEM,2018-09-08T00:00:00+00:00,2018-09-08T09:00:00+09:00,949.0,960.0,870.0,899.0,165111.31675805,152719320.63857925,1536364800000,938.0,FALL,39.0,-39.0,0.0415778252,-0.0415778252,
CRIX.UPBIT.KRW-STEEM,2018-09-07T00:00:00+00:00,2018-09-07T09:00:00+09:00,982.0,1000.0,925.0,938.0,112521.19239814,108844518.91205345,1536278400000,981.0,FALL,43.0,-43.0,0.0438328236,-0.0438328236,
CRIX.UPBIT.KRW-STEEM,2018-09-06T00:00:00+00:00,2018-09-06T09:00:00+09:00,967.0,985.0,884.0,981.0,229700.2688839,214927847.54324636,1536192000000,967.0,RISE,14.0,14.0,0.0144777663,0.0144777663,
CRIX.UPBIT.KRW-STEEM,2018-09-05T00:00:00+00:00,2018-09-05T09:00:00+09:00,1145.0,1165.0,965.0,967.0,522909.15957119,553345140.2453969,1536105600000,1150.0,FALL,183.0,-183.0,0.1591304348,-0.1591304348,
CRIX.UPBIT.KRW-STEEM,2018-09-04T00:00:00+00:00,2018-09-04T09:00:00+09:00,1095.0,1175.0,1095.0,1150.0,481326.03304262,547287334.2916692,1536019200000,1090.0,RISE,60.0,60.0,0.0550458716,0.0550458716,
CRIX.UPBIT.KRW-STEEM,2018-09-03T00:00:00+00:00,2018-09-03T09:00:00+09:00,1110.0,1120.0,1065.0,1090.0,197700.07512339,215735004.15932834,1535932800000,1115.0,FALL,25.0,-25.0,0.0224215247,-0.0224215247,
CRIX.UPBIT.KRW-STEEM,2018-09-02T00:00:00+00:00,2018-09-02T09:00:00+09:00,1095.0,1155.0,1070.0,1115.0,481422.5633581,537388378.7281129,1535846400000,1095.0,RISE,20.0,20.0,0.0182648402,0.0182648402,
CRIX.UPBIT.KRW-STEEM,2018-09-01T00:00:00+00:00,2018-09-01T09:00:00+09:00,1060.0,1125.0,1055.0,1095.0,366268.76210971,395458769.3245397,1535760000000,1060.0,RISE,35.0,35.0,0.0330188679,0.0330188679,
CRIX.UPBIT.KRW-STEEM,2018-08-31T00:00:00+00:00,2018-08-31T09:00:00+09:00,1040.0,1075.0,1015.0,1060.0,239329.04414289,250581434.36453205,1535759790301,1040.0,RISE,20.0,20.0,0.0192307692,0.0192307692,
CRIX.UPBIT.KRW-STEEM,2018-08-30T00:00:00+00:00,2018-08-30T09:00:00+09:00,1075.0,1090.0,1000.0,1040.0,262558.25404658,274207722.1211889,1535673484637,1075.0,FALL,35.0,-35.0,0.0325581395,-0.0325581395,
CRIX.UPBIT.KRW-STEEM,2018-08-29T00:00:00+00:00,2018-08-29T09:00:00+09:00,1110.0,1130.0,1055.0,1075.0,413353.07746185,450941608.4779689,1535500800000,1110.0,FALL,35.0,-35.0,0.0315315315,-0.0315315315,
CRIX.UPBIT.KRW-STEEM,2018-08-28T00:00:00+00:00,2018-08-28T09:00:00+09:00,1065.0,1140.0,1045.0,1110.0,515710.07772745,560381467.9308048,1535500764350,1065.0,RISE,45.0,45.0,0.0422535211,0.0422535211,
CRIX.UPBIT.KRW-STEEM,2018-08-27T00:00:00+00:00,2018-08-27T09:00:00+09:00,1010.0,1065.0,999.0,1065.0,404483.0816583,416956310.1885174,1535414399884,1035.0,RISE,30.0,30.0,0.0289855072,0.0289855072,
CRIX.UPBIT.KRW-STEEM,2018-08-26T00:00:00+00:00,2018-08-26T09:00:00+09:00,1020.0,1045.0,981.0,1035.0,230202.04468885,230309618.92013603,1535327986300,1020.0,RISE,15.0,15.0,0.0147058824,0.0147058824,
CRIX.UPBIT.KRW-STEEM,2018-08-25T00:00:00+00:00,2018-08-25T09:00:00+09:00,1010.0,1030.0,986.0,1020.0,120194.84411699,121008791.76380381,1535241554928,1005.0,RISE,15.0,15.0,0.0149253731,0.0149253731,
CRIX.UPBIT.KRW-STEEM,2018-08-24T00:00:00+00:00,2018-08-24T09:00:00+09:00,995.0,1015.0,980.0,1005.0,207331.09073016,206849547.64539596,1535068800000,994.0,RISE,11.0,11.0,0.0110663984,0.0110663984,
CRIX.UPBIT.KRW-STEEM,2018-08-23T00:00:00+00:00,2018-08-23T09:00:00+09:00,975.0,1000.0,970.0,994.0,153814.91384359,151338060.61928883,1534982400000,973.0,RISE,21.0,21.0,0.0215827338,0.0215827338,
CRIX.UPBIT.KRW-STEEM,2018-08-22T00:00:00+00:00,2018-08-22T09:00:00+09:00,990.0,1045.0,970.0,973.0,281349.22768561,281898746.56939,1534896000000,990.0,FALL,17.0,-17.0,0.0171717172,-0.0171717172,
CRIX.UPBIT.KRW-STEEM,2018-08-21T00:00:00+00:00,2018-08-21T09:00:00+09:00,978.0,1015.0,974.0,990.0,169012.56433127,167625952.09594706,1534871298694,978.0,RISE,12.0,12.0,0.0122699387,0.0122699387,
CRIX.UPBIT.KRW-STEEM,2018-08-20T00:00:00+00:00,2018-08-20T09:00:00+09:00,1055.0,1085.0,978.0,978.0,227651.57987223,233573477.88379866,1534809577510,1065.0,FALL,87.0,-87.0,0.0816901408,-0.0816901408,
CRIX.UPBIT.KRW-STEEM,2018-08-19T00:00:00+00:00,2018-08-19T09:00:00+09:00,1035.0,1085.0,1015.0,1065.0,174021.59626538,182790840.61295396,1534723192139,1030.0,RISE,35.0,35.0,0.0339805825,0.0339805825,
CRIX.UPBIT.KRW-STEEM,2018-08-18T00:00:00+00:00,2018-08-18T09:00:00+09:00,1120.0,1180.0,1005.0,1030.0,626206.83453672,683351858.4547902,1534636620756,1120.0,FALL,90.0,-90.0,0.0803571429,-0.0803571429,
CRIX.UPBIT.KRW-STEEM,2018-08-17T00:00:00+00:00,2018-08-17T09:00:00+09:00,1000.0,1140.0,1000.0,1120.0,992273.17642829,1055431544.2846621,1534550291695,1000.0,RISE,120.0,120.0,0.12,0.12,
CRIX.UPBIT.KRW-STEEM,2018-08-16T00:00:00+00:00,2018-08-16T09:00:00+09:00,1000.0,1025.0,956.0,1000.0,444792.76785468,439770264.8151458,1534463987122,1000.0,EVEN,0.0,None,0,0,
CRIX.UPBIT.KRW-STEEM,2018-08-15T00:00:00+00:00,2018-08-15T09:00:00+09:00,984.0,1045.0,976.0,1000.0,341614.16112509,344790329.06004566,1534377558942,984.0,RISE,16.0,16.0,0.0162601626,0.0162601626,
CRIX.UPBIT.KRW-STEEM,2018-08-14T00:00:00+00:00,2018-08-14T09:00:00+09:00,1030.0,1035.0,920.0,984.0,194859.43088151,189570860.65951294,1534291146102,1035.0,FALL,51.0,-51.0,0.0492753623,-0.0492753623,
CRIX.UPBIT.KRW-STEEM,2018-08-13T00:00:00+00:00,2018-08-13T09:00:00+09:00,1130.0,1150.0,1020.0,1035.0,111187.89340742,122350628.9851972,1534118400000,1120.0,FALL,85.0,-85.0,0.0758928571,-0.0758928571,
CRIX.UPBIT.KRW-STEEM,2018-08-12T00:00:00+00:00,2018-08-12T09:00:00+09:00,1125.0,1150.0,1080.0,1120.0,109036.92956125,122067660.42356975,1534117390370,1125.0,FALL,5.0,-5.0,0.0044444444,-0.0044444444,
CRIX.UPBIT.KRW-STEEM,2018-08-11T00:00:00+00:00,2018-08-11T09:00:00+09:00,1165.0,1175.0,1095.0,1125.0,139121.99365592,156634831.79751745,1534031991239,1175.0,FALL,50.0,-50.0,0.0425531915,-0.0425531915,
CRIX.UPBIT.KRW-STEEM,2018-08-10T00:00:00+00:00,2018-08-10T09:00:00+09:00,1235.0,1245.0,1120.0,1175.0,146698.64258796,174456947.9886744,1533945575204,1235.0,FALL,60.0,-60.0,0.048582996,-0.048582996,
CRIX.UPBIT.KRW-STEEM,2018-08-09T00:00:00+00:00,2018-08-09T09:00:00+09:00,1195.0,1270.0,1180.0,1235.0,172617.96713547,209955889.881826,1533858800884,1190.0,RISE,45.0,45.0,0.0378151261,0.0378151261,
CRIX.UPBIT.KRW-STEEM,2018-08-08T00:00:00+00:00,2018-08-08T09:00:00+09:00,1295.0,1300.0,1170.0,1190.0,303416.98582855,372983745.72334516,1533772702884,1285.0,FALL,95.0,-95.0,0.0739299611,-0.0739299611,
CRIX.UPBIT.KRW-STEEM,2018-08-07T00:00:00+00:00,2018-08-07T09:00:00+09:00,1315.0,1390.0,1280.0,1285.0,229317.53322831,305392964.3303893,1533686359965,1325.0,FALL,40.0,-40.0,0.0301886792,-0.0301886792,
CRIX.UPBIT.KRW-STEEM,2018-08-06T00:00:00+00:00,2018-08-06T09:00:00+09:00,1340.0,1360.0,1290.0,1325.0,125020.09880597,165476536.8902731,1533600002717,1340.0,FALL,15.0,-15.0,0.0111940299,-0.0111940299,
CRIX.UPBIT.KRW-STEEM,2018-08-05T00:00:00+00:00,2018-08-05T09:00:00+09:00,1315.0,1375.0,1285.0,1340.0,150427.7095532,199511202.65875074,1533513598165,1310.0,RISE,30.0,30.0,0.0229007634,0.0229007634,
CRIX.UPBIT.KRW-STEEM,2018-08-04T00:00:00+00:00,2018-08-04T09:00:00+09:00,1365.0,1410.0,1285.0,1310.0,244465.54246001,332786018.08236146,1533426737258,1365.0,FALL,55.0,-55.0,0.0402930403,-0.0402930403,
CRIX.UPBIT.KRW-STEEM,2018-08-03T00:00:00+00:00,2018-08-03T09:00:00+09:00,1345.0,1445.0,1260.0,1365.0,601651.46602655,814835380.9789968,1533340775034,1350.0,RISE,15.0,15.0,0.0111111111,0.0111111111,
CRIX.UPBIT.KRW-STEEM,2018-08-02T00:00:00+00:00,2018-08-02T09:00:00+09:00,1440.0,1485.0,1330.0,1350.0,325504.79312533,455390184.2576415,1533254336090,1440.0,FALL,90.0,-90.0,0.0625,-0.0625,
CRIX.UPBIT.KRW-STEEM,2018-08-01T00:00:00+00:00,2018-08-01T09:00:00+09:00,1470.0,1490.0,1410.0,1440.0,269958.80881748,390468332.07254803,1533081600000,1470.0,FALL,30.0,-30.0,0.0204081633,-0.0204081633,
CRIX.UPBIT.KRW-STEEM,2018-07-31T00:00:00+00:00,2018-07-31T09:00:00+09:00,1570.0,1720.0,1430.0,1470.0,1668654.69579157,2648560804.416272,1533081599236,1555.0,FALL,85.0,-85.0,0.0546623794,-0.0546623794,
CRIX.UPBIT.KRW-STEEM,2018-07-30T00:00:00+00:00,2018-07-30T09:00:00+09:00,1625.0,1630.0,1520.0,1555.0,206594.76708326,325991470.5629599,1532995169983,1625.0,FALL,70.0,-70.0,0.0430769231,-0.0430769231,
CRIX.UPBIT.KRW-STEEM,2018-07-29T00:00:00+00:00,2018-07-29T09:00:00+09:00,1635.0,1655.0,1595.0,1625.0,140124.18531996,226822253.20416445,1532908745264,1635.0,FALL,10.0,-10.0,0.006116208,-0.006116208,
CRIX.UPBIT.KRW-STEEM,2018-07-28T00:00:00+00:00,2018-07-28T09:00:00+09:00,1650.0,1670.0,1585.0,1635.0,238971.22848699,390549792.5589434,1532822342848,1655.0,FALL,20.0,-20.0,0.0120845921,-0.0120845921,
CRIX.UPBIT.KRW-STEEM,2018-07-27T00:00:00+00:00,2018-07-27T09:00:00+09:00,1650.0,1735.0,1575.0,1655.0,805593.96819358,1312271931.2261033,1532735996868,1650.0,RISE,5.0,5.0,0.003030303,0.003030303,
CRIX.UPBIT.KRW-STEEM,2018-07-26T00:00:00+00:00,2018-07-26T09:00:00+09:00,1635.0,1805.0,1590.0,1650.0,1194576.90325999,2037355392.7906036,1532649604511,1635.0,RISE,15.0,15.0,0.0091743119,0.0091743119,
CRIX.UPBIT.KRW-STEEM,2018-07-25T00:00:00+00:00,2018-07-25T09:00:00+09:00,1625.0,1785.0,1545.0,1635.0,1573960.77418465,2588447686.3399763,1532563205052,1625.0,RISE,10.0,10.0,0.0061538462,0.0061538462,
CRIX.UPBIT.KRW-STEEM,2018-07-24T00:00:00+00:00,2018-07-24T09:00:00+09:00,1535.0,1640.0,1465.0,1625.0,934824.02617466,1450933877.5867994,1532476796713,1530.0,RISE,95.0,95.0,0.0620915033,0.0620915033,
CRIX.UPBIT.KRW-STEEM,2018-07-23T00:00:00+00:00,2018-07-23T09:00:00+09:00,1565.0,1745.0,1520.0,1530.0,1641922.23901478,2691478729.9372067,1532390389963,1575.0,FALL,45.0,-45.0,0.0285714286,-0.0285714286,
CRIX.UPBIT.KRW-STEEM,2018-07-22T00:00:00+00:00,2018-07-22T09:00:00+09:00,1640.0,1660.0,1515.0,1575.0,533999.10352369,861964552.5051532,1532303982497,1640.0,FALL,65.0,-65.0,0.0396341463,-0.0396341463,
CRIX.UPBIT.KRW-STEEM,2018-07-21T00:00:00+00:00,2018-07-21T09:00:00+09:00,1555.0,1690.0,1515.0,1640.0,477533.89043721,762603955.5852098,1532217370880,1645.0,FALL,5.0,-5.0,0.0030395137,-0.0030395137,
CRIX.UPBIT.KRW-STEEM,2018-07-20T00:00:00+00:00,2018-07-20T09:00:00+09:00,1715.0,1810.0,1525.0,1645.0,748447.28700016,1258580911.7285807,1532131195362,1725.0,FALL,80.0,-80.0,0.0463768116,-0.0463768116,
CRIX.UPBIT.KRW-STEEM,2018-07-19T00:00:00+00:00,2018-07-19T09:00:00+09:00,1760.0,1785.0,1685.0,1725.0,664259.39950867,1154612162.9224925,1532044803895,1770.0,FALL,45.0,-45.0,0.0254237288,-0.0254237288,
CRIX.UPBIT.KRW-STEEM,2018-07-18T00:00:00+00:00,2018-07-18T09:00:00+09:00,1720.0,1935.0,1705.0,1770.0,2532508.22007082,4643995159.32906,1531958393323,1725.0,RISE,45.0,45.0,0.0260869565,0.0260869565,
CRIX.UPBIT.KRW-STEEM,2018-07-17T00:00:00+00:00,2018-07-17T09:00:00+09:00,1580.0,1760.0,1545.0,1725.0,1400009.55779892,2306519679.3823485,1531871998145,1585.0,RISE,140.0,140.0,0.0883280757,0.0883280757,
CRIX.UPBIT.KRW-STEEM,2018-07-16T00:00:00+00:00,2018-07-16T09:00:00+09:00,1490.0,1600.0,1455.0,1585.0,398073.9542565,610117732.0661187,1531785522598,1490.0,RISE,95.0,95.0,0.0637583893,0.0637583893,
CRIX.UPBIT.KRW-STEEM,2018-07-15T00:00:00+00:00,2018-07-15T09:00:00+09:00,1460.0,1505.0,1435.0,1490.0,172574.6196892,255369713.33263654,1531699169802,1455.0,RISE,35.0,35.0,0.0240549828,0.0240549828,
CRIX.UPBIT.KRW-STEEM,2018-07-14T00:00:00+00:00,2018-07-14T09:00:00+09:00,1480.0,1490.0,1430.0,1455.0,146118.62268439,212940458.8716609,1531612760899,1480.0,FALL,25.0,-25.0,0.0168918919,-0.0168918919,
CRIX.UPBIT.KRW-STEEM,2018-07-13T00:00:00+00:00,2018-07-13T09:00:00+09:00,1440.0,1525.0,1440.0,1480.0,285414.70273108,423715566.3874071,1531526396909,1440.0,RISE,40.0,40.0,0.0277777778,0.0277777778,
CRIX.UPBIT.KRW-STEEM,2018-07-12T00:00:00+00:00,2018-07-12T09:00:00+09:00,1485.0,1485.0,1405.0,1440.0,232329.06477078,332962278.0900952,1531439993506,1485.0,FALL,45.0,-45.0,0.0303030303,-0.0303030303,
CRIX.UPBIT.KRW-STEEM,2018-07-11T00:00:00+00:00,2018-07-11T09:00:00+09:00,1505.0,1570.0,1420.0,1485.0,500828.28006324,743467310.8006625,1531353553564,1505.0,FALL,20.0,-20.0,0.0132890365,-0.0132890365,
CRIX.UPBIT.KRW-STEEM,2018-07-10T00:00:00+00:00,2018-07-10T09:00:00+09:00,1675.0,1675.0,1495.0,1505.0,315675.83058042,494915667.4268967,1531267132759,1675.0,FALL,170.0,-170.0,0.1014925373,-0.1014925373,
CRIX.UPBIT.KRW-STEEM,2018-07-09T00:00:00+00:00,2018-07-09T09:00:00+09:00,1765.0,1785.0,1660.0,1675.0,245335.44291135,423595601.46314234,1531180800440,1765.0,FALL,90.0,-90.0,0.0509915014,-0.0509915014,
CRIX.UPBIT.KRW-STEEM,2018-07-08T00:00:00+00:00,2018-07-08T09:00:00+09:00,1765.0,1845.0,1715.0,1765.0,250171.31251866,444178216.5870678,1531094400872,1765.0,EVEN,0.0,None,0,0,
CRIX.UPBIT.KRW-STEEM,2018-07-07T00:00:00+00:00,2018-07-07T09:00:00+09:00,1800.0,1800.0,1665.0,1765.0,299864.61690853,518918404.5376475,1531007998430,1800.0,FALL,35.0,-35.0,0.0194444444,-0.0194444444,
CRIX.UPBIT.KRW-STEEM,2018-07-06T00:00:00+00:00,2018-07-06T09:00:00+09:00,1745.0,1970.0,1635.0,1800.0,1516703.56018023,2762314399.0063124,1530921584721,1745.0,RISE,55.0,55.0,0.0315186246,0.0315186246,
CRIX.UPBIT.KRW-STEEM,2018-07-05T00:00:00+00:00,2018-07-05T09:00:00+09:00,1815.0,1875.0,1695.0,1745.0,455735.66081731,823470764.7152356,1530835046054,1815.0,FALL,70.0,-70.0,0.0385674931,-0.0385674931,
CRIX.UPBIT.KRW-STEEM,2018-07-04T00:00:00+00:00,2018-07-04T09:00:00+09:00,1780.0,1875.0,1680.0,1815.0,686349.20317645,1236803110.90287,1530748779962,1775.0,RISE,40.0,40.0,0.0225352113,0.0225352113,
CRIX.UPBIT.KRW-STEEM,2018-07-03T00:00:00+00:00,2018-07-03T09:00:00+09:00,1850.0,1905.0,1750.0,1775.0,1360281.32883758,2501954947.017996,1530662394228,1840.0,FALL,65.0,-65.0,0.035326087,-0.035326087,
CRIX.UPBIT.KRW-STEEM,2018-07-02T00:00:00+00:00,2018-07-02T09:00:00+09:00,1805.0,1920.0,1755.0,1840.0,2117052.78390984,3921137456.4461145,1530576004519,1805.0,RISE,35.0,35.0,0.0193905817,0.0193905817,
CRIX.UPBIT.KRW-STEEM,2018-07-01T00:00:00+00:00,2018-07-01T09:00:00+09:00,1800.0,2085.0,1690.0,1805.0,5524405.96867781,10331824092.922716,1530489604301,1800.0,RISE,5.0,5.0,0.0027777778,0.0027777778,
CRIX.UPBIT.KRW-STEEM,2018-06-30T00:00:00+00:00,2018-06-30T09:00:00+09:00,1365.0,1900.0,1355.0,1800.0,2372363.93100521,3970000853.029515,1530403203212,1360.0,RISE,440.0,440.0,0.3235294118,0.3235294118,
CRIX.UPBIT.KRW-STEEM,2018-06-29T00:00:00+00:00,2018-06-29T09:00:00+09:00,1340.0,1390.0,1270.0,1360.0,295363.69122333,389519499.35456616,1530316429262,1325.0,RISE,35.0,35.0,0.0264150943,0.0264150943,
CRIX.UPBIT.KRW-STEEM,2018-06-28T00:00:00+00:00,2018-06-28T09:00:00+09:00,1445.0,1450.0,1315.0,1325.0,144639.83177232,202559027.48458916,1530230368243,1445.0,FALL,120.0,-120.0,0.0830449827,-0.0830449827,
CRIX.UPBIT.KRW-STEEM,2018-06-27T00:00:00+00:00,2018-06-27T09:00:00+09:00,1445.0,1480.0,1415.0,1445.0,105054.83293546,151992482.3214232,1530143916721,1420.0,RISE,25.0,25.0,0.0176056338,0.0176056338,
CRIX.UPBIT.KRW-STEEM,2018-06-26T00:00:00+00:00,2018-06-26T09:00:00+09:00,1495.0,1605.0,1420.0,1420.0,255635.97523358,390516315.87583107,1530057526393,1505.0,FALL,85.0,-85.0,0.0564784053,-0.0564784053,
CRIX.UPBIT.KRW-STEEM,2018-06-25T00:00:00+00:00,2018-06-25T09:00:00+09:00,1475.0,1555.0,1425.0,1505.0,125590.67974519,185814917.36599255,1529971203540,1490.0,RISE,15.0,15.0,0.0100671141,0.0100671141,
CRIX.UPBIT.KRW-STEEM,2018-06-24T00:00:00+00:00,2018-06-24T09:00:00+09:00,1530.0,1555.0,1355.0,1490.0,139376.53982654,200114146.43029004,1529884786447,1560.0,FALL,70.0,-70.0,0.0448717949,-0.0448717949,
CRIX.UPBIT.KRW-STEEM,2018-06-23T00:00:00+00:00,2018-06-23T09:00:00+09:00,1550.0,1595.0,1500.0,1560.0,113749.38923043,175515780.28079924,1529798291867,1590.0,FALL,30.0,-30.0,0.0188679245,-0.0188679245,
CRIX.UPBIT.KRW-STEEM,2018-06-22T00:00:00+00:00,2018-06-22T09:00:00+09:00,1740.0,1775.0,1500.0,1590.0,256874.40027699,421883331.1100218,1529712005257,1745.0,FALL,155.0,-155.0,0.0888252149,-0.0888252149,
CRIX.UPBIT.KRW-STEEM,2018-06-21T00:00:00+00:00,2018-06-21T09:00:00+09:00,1810.0,1855.0,1730.0,1745.0,191675.8515956,340717951.6411708,1529625566253,1810.0,FALL,65.0,-65.0,0.0359116022,-0.0359116022,
CRIX.UPBIT.KRW-STEEM,2018-06-20T00:00:00+00:00,2018-06-20T09:00:00+09:00,1900.0,1930.0,1725.0,1810.0,235175.81088294,420329129.3559586,1529539160574,1895.0,FALL,85.0,-85.0,0.0448548813,-0.0448548813,
CRIX.UPBIT.KRW-STEEM,2018-06-19T00:00:00+00:00,2018-06-19T09:00:00+09:00,1855.0,1940.0,1815.0,1895.0,153550.18592725,287035891.2596915,1529452770208,1850.0,RISE,45.0,45.0,0.0243243243,0.0243243243,
CRIX.UPBIT.KRW-STEEM,2018-06-18T00:00:00+00:00,2018-06-18T09:00:00+09:00,1815.0,1855.0,1730.0,1850.0,134405.30423505,239366916.4953534,1529366354116,1815.0,RISE,35.0,35.0,0.0192837466,0.0192837466,
CRIX.UPBIT.KRW-STEEM,2018-06-17T00:00:00+00:00,2018-06-17T09:00:00+09:00,1855.0,1895.0,1810.0,1815.0,66521.28244265,122497686.66506435,1529279961070,1850.0,FALL,35.0,-35.0,0.0189189189,-0.0189189189,
CRIX.UPBIT.KRW-STEEM,2018-06-16T00:00:00+00:00,2018-06-16T09:00:00+09:00,1860.0,1885.0,1810.0,1850.0,110460.8511152,204190286.74780574,1529193585909,1860.0,FALL,10.0,-10.0,0.0053763441,-0.0053763441,
CRIX.UPBIT.KRW-STEEM,2018-06-15T00:00:00+00:00,2018-06-15T09:00:00+09:00,1985.0,1985.0,1850.0,1860.0,140421.24179271,268490198.9408321,1529107196670,1985.0,FALL,125.0,-125.0,0.0629722922,-0.0629722922,
CRIX.UPBIT.KRW-STEEM,2018-06-14T00:00:00+00:00,2018-06-14T09:00:00+09:00,1835.0,2010.0,1780.0,1985.0,219098.68808885,414344351.17095065,1529020310889,1835.0,RISE,150.0,150.0,0.0817438692,0.0817438692,
CRIX.UPBIT.KRW-STEEM,2018-06-13T00:00:00+00:00,2018-06-13T09:00:00+09:00,1935.0,1990.0,1710.0,1835.0,274406.41018402,516573313.1806264,1528934383845,1935.0,FALL,100.0,-100.0,0.0516795866,-0.0516795866,
CRIX.UPBIT.KRW-STEEM,2018-06-12T00:00:00+00:00,2018-06-12T09:00:00+09:00,2050.0,2170.0,1905.0,1935.0,377024.5916981,780892302.8020314,1528847962370,2045.0,FALL,110.0,-110.0,0.0537897311,-0.0537897311,
CRIX.UPBIT.KRW-STEEM,2018-06-11T00:00:00+00:00,2018-06-11T09:00:00+09:00,2080.0,2130.0,1900.0,2045.0,279979.22255646,559183779.4672942,1528761462820,2080.0,FALL,35.0,-35.0,0.0168269231,-0.0168269231,
CRIX.UPBIT.KRW-STEEM,2018-06-10T00:00:00+00:00,2018-06-10T09:00:00+09:00,2460.0,2475.0,2000.0,2080.0,309292.83509119,691153099.6806976,1528675183402,2460.0,FALL,380.0,-380.0,0.1544715447,-0.1544715447,
CRIX.UPBIT.KRW-STEEM,2018-06-09T00:00:00+00:00,2018-06-09T09:00:00+09:00,2505.0,2540.0,2450.0,2460.0,73184.53078521,182376279.9097766,1528588802148,2525.0,FALL,65.0,-65.0,0.0257425743,-0.0257425743,
CRIX.UPBIT.KRW-STEEM,2018-06-08T00:00:00+00:00,2018-06-08T09:00:00+09:00,2565.0,2575.0,2470.0,2525.0,112044.25352133,281484295.4496529,1528501932089,2560.0,FALL,35.0,-35.0,0.013671875,-0.013671875,
CRIX.UPBIT.KRW-STEEM,2018-06-07T00:00:00+00:00,2018-06-07T09:00:00+09:00,2680.0,2690.0,2535.0,2560.0,248342.29390318,644679235.2416224,1528415874857,2690.0,FALL,130.0,-130.0,0.0483271375,-0.0483271375,
CRIX.UPBIT.KRW-STEEM,2018-06-06T00:00:00+00:00,2018-06-06T09:00:00+09:00,2595.0,2690.0,2515.0,2690.0,166240.25950565,432225574.3108353,1528329475473,2590.0,RISE,100.0,100.0,0.0386100386,0.0386100386,
CRIX.UPBIT.KRW-STEEM,2018-06-05T00:00:00+00:00,2018-06-05T09:00:00+09:00,2590.0,2625.0,2450.0,2590.0,228447.36805995,576983053.7690352,1528243198682,2585.0,RISE,5.0,5.0,0.001934236,0.001934236,
CRIX.UPBIT.KRW-STEEM,2018-06-04T00:00:00+00:00,2018-06-04T09:00:00+09:00,2790.0,2820.0,2550.0,2585.0,383479.62539897,1011499880.6129143,1528156785376,2790.0,FALL,205.0,-205.0,0.0734767025,-0.0734767025,
CRIX.UPBIT.KRW-STEEM,2018-06-03T00:00:00+00:00,2018-06-03T09:00:00+09:00,2725.0,2840.0,2715.0,2790.0,424623.79448728,1183949024.467939,1528070394790,2725.0,RISE,65.0,65.0,0.023853211,0.023853211,
CRIX.UPBIT.KRW-STEEM,2018-06-02T00:00:00+00:00,2018-06-02T09:00:00+09:00,2665.0,2790.0,2635.0,2725.0,258302.06600083,700710160.9141028,1527983978064,2670.0,RISE,55.0,55.0,0.0205992509,0.0205992509,
CRIX.UPBIT.KRW-STEEM,2018-06-01T00:00:00+00:00,2018-06-01T09:00:00+09:00,2675.0,2685.0,2590.0,2670.0,151709.71526651,399857420.4477545,1527897600117,2675.0,FALL,5.0,-5.0,0.0018691589,-0.0018691589,
CRIX.UPBIT.KRW-STEEM,2018-05-31T00:00:00+00:00,2018-05-31T09:00:00+09:00,2590.0,2680.0,2525.0,2675.0,186032.29935252,485093971.4963293,1527811139657,2595.0,RISE,80.0,80.0,0.0308285164,0.0308285164,
CRIX.UPBIT.KRW-STEEM,2018-05-30T00:00:00+00:00,2018-05-30T09:00:00+09:00,2660.0,2770.0,2515.0,2595.0,401874.95987328,1067801007.1418549,1527724778980,2660.0,FALL,65.0,-65.0,0.0244360902,-0.0244360902,
CRIX.UPBIT.KRW-STEEM,2018-05-29T00:00:00+00:00,2018-05-29T09:00:00+09:00,2415.0,2730.0,2325.0,2660.0,473996.43693271,1183478328.7229886,1527638382018,2415.0,RISE,245.0,245.0,0.1014492754,0.1014492754,
CRIX.UPBIT.KRW-STEEM,2018-05-28T00:00:00+00:00,2018-05-28T09:00:00+09:00,2785.0,2810.0,2410.0,2415.0,517264.89484251,1354045237.366326,1527551988928,2790.0,FALL,375.0,-375.0,0.1344086022,-0.1344086022,
CRIX.UPBIT.KRW-STEEM,2018-05-27T00:00:00+00:00,2018-05-27T09:00:00+09:00,2940.0,2940.0,2765.0,2790.0,502845.49561084,1415590731.7254713,1527465577004,2950.0,FALL,160.0,-160.0,0.0542372881,-0.0542372881,
CRIX.UPBIT.KRW-STEEM,2018-05-26T00:00:00+00:00,2018-05-26T09:00:00+09:00,3060.0,3060.0,2935.0,2950.0,372882.6652371,1114581559.7814102,1527379191243,3065.0,FALL,115.0,-115.0,0.0375203915,-0.0375203915,
CRIX.UPBIT.KRW-STEEM,2018-05-25T00:00:00+00:00,2018-05-25T09:00:00+09:00,3290.0,3295.0,3005.0,3065.0,1030803.72178402,3218155496.1107244,1527292767911,3290.0,FALL,225.0,-225.0,0.0683890578,-0.0683890578,
CRIX.UPBIT.KRW-STEEM,2018-05-24T00:00:00+00:00,2018-05-24T09:00:00+09:00,3370.0,3980.0,3020.0,3290.0,10959383.24558314,38172527923.11875,1527206406275,3400.0,FALL,110.0,-110.0,0.0323529412,-0.0323529412,
CRIX.UPBIT.KRW-STEEM,2018-05-23T00:00:00+00:00,2018-05-23T09:00:00+09:00,3245.0,3530.0,3095.0,3400.0,1271286.93257564,4244061274.964869,1527120005653,3260.0,RISE,140.0,140.0,0.0429447853,0.0429447853,
CRIX.UPBIT.KRW-STEEM,2018-05-22T00:00:00+00:00,2018-05-22T09:00:00+09:00,3330.0,3515.0,3245.0,3260.0,1271805.6376802,4349896277.832996,1527033551587,3335.0,FALL,75.0,-75.0,0.0224887556,-0.0224887556,
CRIX.UPBIT.KRW-STEEM,2018-05-21T00:00:00+00:00,2018-05-21T09:00:00+09:00,3410.0,3420.0,3240.0,3335.0,629326.97024253,2094450901.3962576,1526947167122,3410.0,FALL,75.0,-75.0,0.0219941349,-0.0219941349,
CRIX.UPBIT.KRW-STEEM,2018-05-20T00:00:00+00:00,2018-05-20T09:00:00+09:00,3385.0,3420.0,3280.0,3410.0,488886.33027827,1639574821.949091,1526860772113,3375.0,RISE,35.0,35.0,0.0103703704,0.0103703704,
CRIX.UPBIT.KRW-STEEM,2018-05-19T00:00:00+00:00,2018-05-19T09:00:00+09:00,3340.0,3550.0,3310.0,3375.0,656340.39460369,2243892209.9893074,1526774397303,3340.0,RISE,35.0,35.0,0.0104790419,0.0104790419,
CRIX.UPBIT.KRW-STEEM,2018-05-18T00:00:00+00:00,2018-05-18T09:00:00+09:00,3090.0,3395.0,2975.0,3340.0,626805.47001102,2028650765.6822772,1526687961198,3085.0,RISE,255.0,255.0,0.0826580227,0.0826580227,
CRIX.UPBIT.KRW-STEEM,2018-05-17T00:00:00+00:00,2018-05-17T09:00:00+09:00,3170.0,3355.0,3050.0,3085.0,413109.11557938,1325107195.2594552,1526601598623,3165.0,FALL,80.0,-80.0,0.0252764613,-0.0252764613,
CRIX.UPBIT.KRW-STEEM,2018-05-16T00:00:00+00:00,2018-05-16T09:00:00+09:00,3275.0,3350.0,2975.0,3165.0,485765.56200771,1511935413.2629466,1526515124042,3245.0,FALL,80.0,-80.0,0.0246533128,-0.0246533128,
CRIX.UPBIT.KRW-STEEM,2018-05-15T00:00:00+00:00,2018-05-15T09:00:00+09:00,3540.0,3675.0,3230.0,3245.0,972266.27045938,3424935779.639058,1526428727865,3545.0,FALL,300.0,-300.0,0.0846262341,-0.0846262341,
CRIX.UPBIT.KRW-STEEM,2018-05-14T00:00:00+00:00,2018-05-14T09:00:00+09:00,3450.0,3725.0,3200.0,3545.0,1951636.53007939,6818272728.832219,1526342403650,3470.0,RISE,75.0,75.0,0.0216138329,0.0216138329,
CRIX.UPBIT.KRW-STEEM,2018-05-13T00:00:00+00:00,2018-05-13T09:00:00+09:00,3120.0,3535.0,3030.0,3470.0,1449996.16611251,4742487073.527152,1526256006581,3130.0,RISE,340.0,340.0,0.1086261981,0.1086261981,
CRIX.UPBIT.KRW-STEEM,2018-05-12T00:00:00+00:00,2018-05-12T09:00:00+09:00,3100.0,3275.0,2740.0,3130.0,1084884.81664041,3283138610.2354155,1526169559605,3100.0,RISE,30.0,30.0,0.0096774194,0.0096774194,
CRIX.UPBIT.KRW-STEEM,2018-05-11T00:00:00+00:00,2018-05-11T09:00:00+09:00,3545.0,3845.0,2500.0,3100.0,2681068.52137227,8370799668.815865,1526083179173,3545.0,FALL,445.0,-445.0,0.125528914,-0.125528914,
CRIX.UPBIT.KRW-STEEM,2018-05-10T00:00:00+00:00,2018-05-10T09:00:00+09:00,3900.0,3960.0,3510.0,3545.0,649247.96944941,2431529357.977583,1525996799017,3900.0,FALL,355.0,-355.0,0.091025641,-0.091025641,
CRIX.UPBIT.KRW-STEEM,2018-05-09T00:00:00+00:00,2018-05-09T09:00:00+09:00,3965.0,3965.0,3620.0,3900.0,630593.69165242,2398277966.4117894,1525910406320,3965.0,FALL,65.0,-65.0,0.0163934426,-0.0163934426,
CRIX.UPBIT.KRW-STEEM,2018-05-08T00:00:00+00:00,2018-05-08T09:00:00+09:00,3940.0,4020.0,3720.0,3965.0,1272580.9981129,4953126645.602642,1525823962028,3940.0,RISE,25.0,25.0,0.0063451777,0.0063451777,
CRIX.UPBIT.KRW-STEEM,2018-05-07T00:00:00+00:00,2018-05-07T09:00:00+09:00,4080.0,4115.0,3775.0,3940.0,720522.42710809,2798220728.616771,1525737595963,4110.0,FALL,170.0,-170.0,0.0413625304,-0.0413625304,
CRIX.UPBIT.KRW-STEEM,2018-05-06T00:00:00+00:00,2018-05-06T09:00:00+09:00,4200.0,4235.0,3940.0,4110.0,780511.08902952,3152483918.948274,1525651135044,4205.0,FALL,95.0,-95.0,0.0225921522,-0.0225921522,
CRIX.UPBIT.KRW-STEEM,2018-05-05T00:00:00+00:00,2018-05-05T09:00:00+09:00,4275.0,4390.0,4065.0,4205.0,1408270.50338188,5898614489.547586,1525564805054,4275.0,FALL,70.0,-70.0,0.016374269,-0.016374269,
CRIX.UPBIT.KRW-STEEM,2018-05-04T00:00:00+00:00,2018-05-04T09:00:00+09:00,4465.0,4470.0,4155.0,4275.0,789259.74235169,3411199243.816959,1525478404176,4465.0,FALL,190.0,-190.0,0.0425531915,-0.0425531915,
CRIX.UPBIT.KRW-STEEM,2018-05-03T00:00:00+00:00,2018-05-03T09:00:00+09:00,4405.0,4530.0,4200.0,4465.0,1418688.19302234,6177921536.11161,1525391999927,4400.0,RISE,65.0,65.0,0.0147727273,0.0147727273,
CRIX.UPBIT.KRW-STEEM,2018-05-02T00:00:00+00:00,2018-05-02T09:00:00+09:00,4295.0,4435.0,4125.0,4400.0,1261955.94759554,5444846912.352734,1525305575604,4300.0,RISE,100.0,100.0,0.023255814,0.023255814,
CRIX.UPBIT.KRW-STEEM,2018-05-01T00:00:00+00:00,2018-05-01T09:00:00+09:00,4280.0,4320.0,3945.0,4300.0,1063315.50193849,4367705720.214632,1525219203372,4285.0,RISE,15.0,15.0,0.0035005834,0.0035005834,
CRIX.UPBIT.KRW-STEEM,2018-04-30T00:00:00+00:00,2018-04-30T09:00:00+09:00,4575.0,4590.0,4200.0,4285.0,1340697.50167037,5840905335.653764,1525132790665,4575.0,FALL,290.0,-290.0,0.0633879781,-0.0633879781,
CRIX.UPBIT.KRW-STEEM,2018-04-29T00:00:00+00:00,2018-04-29T09:00:00+09:00,4710.0,4840.0,4195.0,4575.0,4270933.22733337,19319950546.718952,1525046393370,4700.0,FALL,125.0,-125.0,0.0265957447,-0.0265957447,
CRIX.UPBIT.KRW-STEEM,2018-04-28T00:00:00+00:00,2018-04-28T09:00:00+09:00,4700.0,4885.0,4480.0,4700.0,9522662.09013734,44239063973.64373,1524960003504,4700.0,EVEN,0.0,None,0,0,
CRIX.UPBIT.KRW-STEEM,2018-04-27T00:00:00+00:00,2018-04-27T09:00:00+09:00,4510.0,5060.0,4020.0,4700.0,14056694.55224001,64063696251.31067,1524873605698,4510.0,RISE,190.0,190.0,0.0421286031,0.0421286031,
CRIX.UPBIT.KRW-STEEM,2018-04-26T00:00:00+00:00,2018-04-26T09:00:00+09:00,4720.0,4795.0,3775.0,4510.0,18562501.12287841,79733086931.9633,1524787205378,4705.0,FALL,195.0,-195.0,0.041445271,-0.041445271,
CRIX.UPBIT.KRW-STEEM,2018-04-25T00:00:00+00:00,2018-04-25T09:00:00+09:00,3785.0,4850.0,3240.0,4715.0,21683863.08810255,89502486978.50386,1524700806196,3790.0,RISE,925.0,925.0,0.2440633245,0.2440633245,
CRIX.UPBIT.KRW-STEEM,2018-04-24T00:00:00+00:00,2018-04-24T09:00:00+09:00,3545.0,3855.0,3505.0,3790.0,2024430.98005375,7375545495.328089,1524614398475,3545.0,RISE,245.0,245.0,0.0691114245,0.0691114245,
CRIX.UPBIT.KRW-STEEM,2018-04-23T00:00:00+00:00,2018-04-23T09:00:00+09:00,3320.0,3605.0,3260.0,3545.0,1614302.9802561,5540433822.972001,1524527998209,3320.0,RISE,225.0,225.0,0.0677710843,0.0677710843,
CRIX.UPBIT.KRW-STEEM,2018-04-22T00:00:00+00:00,2018-04-22T09:00:00+09:00,3380.0,3465.0,3200.0,3320.0,1146055.80423063,3786330497.751138,1524441601524,3375.0,FALL,55.0,-55.0,0.0162962963,-0.0162962963,
CRIX.UPBIT.KRW-STEEM,2018-04-21T00:00:00+00:00,2018-04-21T09:00:00+09:00,3545.0,3545.0,3060.0,3375.0,2451015.71973224,8208067329.81943,1524355200941,3545.0,FALL,170.0,-170.0,0.047954866,-0.047954866,
CRIX.UPBIT.KRW-STEEM,2018-04-20T00:00:00+00:00,2018-04-20T09:00:00+09:00,3375.0,3570.0,3065.0,3545.0,4851844.23460761,16341449549.935896,1524268804710,3380.0,RISE,165.0,165.0,0.048816568,0.048816568,
CRIX.UPBIT.KRW-STEEM,2018-04-19T00:00:00+00:00,2018-04-19T09:00:00+09:00,3250.0,3480.0,3050.0,3380.0,4141533.88222164,13586774472.744112,1524182402756,3250.0,RISE,130.0,130.0,0.04,0.04,
CRIX.UPBIT.KRW-STEEM,2018-04-18T00:00:00+00:00,2018-04-18T09:00:00+09:00,2980.0,3250.0,2920.0,3250.0,3667109.31280217,11209099474.068293,1524096004983,2980.0,RISE,270.0,270.0,0.0906040268,0.0906040268,
CRIX.UPBIT.KRW-STEEM,2018-04-17T00:00:00+00:00,2018-04-17T09:00:00+09:00,2885.0,3105.0,2790.0,2980.0,2524276.22519397,7393827905.381425,1524009602242,2885.0,RISE,95.0,95.0,0.0329289428,0.0329289428,
CRIX.UPBIT.KRW-STEEM,2018-04-16T00:00:00+00:00,2018-04-16T09:00:00+09:00,2905.0,2970.0,2715.0,2885.0,1461936.3133264,4152379615.300311,1523923199684,2900.0,FALL,15.0,-15.0,0.0051724138,-0.0051724138,
CRIX.UPBIT.KRW-STEEM,2018-04-15T00:00:00+00:00,2018-04-15T09:00:00+09:00,2760.0,2930.0,2730.0,2900.0,1790327.88271184,5080007205.655363,1523836799484,2760.0,RISE,140.0,140.0,0.0507246377,0.0507246377,
CRIX.UPBIT.KRW-STEEM,2018-04-14T00:00:00+00:00,2018-04-14T09:00:00+09:00,2890.0,2950.0,2660.0,2760.0,1456590.43015111,4108740666.0165133,1523750403425,2895.0,FALL,135.0,-135.0,0.0466321244,-0.0466321244,
CRIX.UPBIT.KRW-STEEM,2018-04-13T00:00:00+00:00,2018-04-13T09:00:00+09:00,2860.0,3570.0,2750.0,2895.0,13017146.46007616,41608972999.95845,1523663992445,2850.0,RISE,45.0,45.0,0.0157894737,0.0157894737,
CRIX.UPBIT.KRW-STEEM,2018-04-12T00:00:00+00:00,2018-04-12T09:00:00+09:00,2145.0,2950.0,2035.0,2850.0,11107940.89604347,28638190610.232456,1523577593862,2145.0,RISE,705.0,705.0,0.3286713287,0.3286713287,
CRIX.UPBIT.KRW-STEEM,2018-04-11T00:00:00+00:00,2018-04-11T09:00:00+09:00,1995.0,2170.0,1940.0,2145.0,620320.54645274,1262553172.5823767,1523491170288,1995.0,RISE,150.0,150.0,0.0751879699,0.0751879699,
CRIX.UPBIT.KRW-STEEM,2018-04-10T00:00:00+00:00,2018-04-10T09:00:00+09:00,2005.0,2015.0,1895.0,1995.0,302494.33599473,591526637.6215737,1523404800441,1995.0,EVEN,0.0,None,0,0,
CRIX.UPBIT.KRW-STEEM,2018-04-09T00:00:00+00:00,2018-04-09T09:00:00+09:00,2100.0,2370.0,1930.0,1995.0,1743837.72863016,3744934257.6839485,1523318319074,2100.0,FALL,105.0,-105.0,0.05,-0.05,
CRIX.UPBIT.KRW-STEEM,2018-04-08T00:00:00+00:00,2018-04-08T09:00:00+09:00,2060.0,2100.0,1990.0,2100.0,616564.50949581,1263925338.3916101,1523231966945,2060.0,RISE,40.0,40.0,0.0194174757,0.0194174757,
CRIX.UPBIT.KRW-STEEM,2018-04-07T00:00:00+00:00,2018-04-07T09:00:00+09:00,1950.0,2165.0,1815.0,2060.0,1416923.82484384,2777766604.3149323,1523145604248,1950.0,RISE,110.0,110.0,0.0564102564,0.0564102564,
CRIX.UPBIT.KRW-STEEM,2018-04-06T00:00:00+00:00,2018-04-06T09:00:00+09:00,1880.0,2215.0,1795.0,1950.0,3069264.0765817,6076095072.713082,1523059204505,1880.0,RISE,70.0,70.0,0.0372340426,0.0372340426,
CRIX.UPBIT.KRW-STEEM,2018-04-05T00:00:00+00:00,2018-04-05T09:00:00+09:00,2075.0,2075.0,1790.0,1880.0,928686.45378572,1752526206.992105,1522972791389,2075.0,FALL,195.0,-195.0,0.0939759036,-0.0939759036,
CRIX.UPBIT.KRW-STEEM,2018-04-04T00:00:00+00:00,2018-04-04T09:00:00+09:00,2200.0,2420.0,1950.0,2075.0,4202469.20265948,9302014110.608994,1522886390987,2210.0,FALL,135.0,-135.0,0.0610859729,-0.0610859729,
CRIX.UPBIT.KRW-STEEM,2018-04-03T00:00:00+00:00,2018-04-03T09:00:00+09:00,1845.0,2870.0,1700.0,2210.0,15875263.13391922,36918376640.339325,1522799999473,1840.0,RISE,370.0,370.0,0.2010869565,0.2010869565,
CRIX.UPBIT.KRW-STEEM,2018-04-02T00:00:00+00:00,2018-04-02T09:00:00+09:00,1575.0,1840.0,1530.0,1840.0,1475642.81719654,2516935853.951045,1522713603057,1560.0,RISE,280.0,280.0,0.1794871795,0.1794871795,
CRIX.UPBIT.KRW-STEEM,2018-04-01T00:00:00+00:00,2018-04-01T09:00:00+09:00,1680.0,1695.0,1480.0,1560.0,285289.6040049,451503534.19121635,1522627150290,1690.0,FALL,130.0,-130.0,0.0769230769,-0.0769230769,
CRIX.UPBIT.KRW-STEEM,2018-03-31T00:00:00+00:00,2018-03-31T09:00:00+09:00,1705.0,1750.0,1660.0,1690.0,212858.42083207,362350315.76854426,1522540713842,1705.0,FALL,15.0,-15.0,0.008797654,-0.008797654,
CRIX.UPBIT.KRW-STEEM,2018-03-30T00:00:00+00:00,2018-03-30T09:00:00+09:00,1835.0,1850.0,1640.0,1705.0,533800.70167201,922159630.9570524,1522454276491,1835.0,FALL,130.0,-130.0,0.0708446866,-0.0708446866,
CRIX.UPBIT.KRW-STEEM,2018-03-29T00:00:00+00:00,2018-03-29T09:00:00+09:00,2070.0,2080.0,1810.0,1835.0,193862.41850629,379292043.4046115,1522367997891,2070.0,FALL,235.0,-235.0,0.11352657,-0.11352657,
CRIX.UPBIT.KRW-STEEM,2018-03-28T00:00:00+00:00,2018-03-28T09:00:00+09:00,1900.0,2140.0,1855.0,2070.0,342838.93146665,677120432.5932138,1522281586116,1920.0,RISE,150.0,150.0,0.078125,0.078125,
CRIX.UPBIT.KRW-STEEM,2018-03-27T00:00:00+00:00,2018-03-27T09:00:00+09:00,2005.0,2055.0,1780.0,1920.0,271210.2824543,513125306.3809515,1522195191716,2005.0,FALL,85.0,-85.0,0.042394015,-0.042394015,
CRIX.UPBIT.KRW-STEEM,2018-03-26T00:00:00+00:00,2018-03-26T09:00:00+09:00,2220.0,2235.0,1910.0,2005.0,335486.38673513,687081150.5507046,1522108761718,2220.0,FALL,215.0,-215.0,0.0968468468,-0.0968468468,
CRIX.UPBIT.KRW-STEEM,2018-03-25T00:00:00+00:00,2018-03-25T09:00:00+09:00,2240.0,2350.0,2135.0,2220.0,411054.37058746,905687135.8521764,1522022386521,2240.0,FALL,20.0,-20.0,0.0089285714,-0.0089285714,
CRIX.UPBIT.KRW-STEEM,2018-03-24T00:00:00+00:00,2018-03-24T09:00:00+09:00,2155.0,2620.0,2120.0,2240.0,1594592.70109356,3689166394.380395,1521935996172,2150.0,RISE,90.0,90.0,0.0418604651,0.0418604651,
CRIX.UPBIT.KRW-STEEM,2018-03-23T00:00:00+00:00,2018-03-23T09:00:00+09:00,2345.0,2360.0,2040.0,2150.0,427468.96922721,924284614.0416616,1521849569193,2335.0,FALL,185.0,-185.0,0.0792291221,-0.0792291221,
CRIX.UPBIT.KRW-STEEM,2018-03-22T00:00:00+00:00,2018-03-22T09:00:00+09:00,2415.0,2470.0,2200.0,2335.0,350206.50107906,819203526.0292011,1521762975173,2415.0,FALL,80.0,-80.0,0.033126294,-0.033126294,
CRIX.UPBIT.KRW-STEEM,2018-03-21T00:00:00+00:00,2018-03-21T09:00:00+09:00,2385.0,2535.0,2345.0,2415.0,512036.37208912,1242532423.2747595,1521676755123,2385.0,RISE,30.0,30.0,0.0125786164,0.0125786164,
CRIX.UPBIT.KRW-STEEM,2018-03-20T00:00:00+00:00,2018-03-20T09:00:00+09:00,2315.0,2575.0,2195.0,2385.0,1778789.02594468,4248334557.83613,1521590397952,2315.0,RISE,70.0,70.0,0.030237581,0.030237581,
CRIX.UPBIT.KRW-STEEM,2018-03-19T00:00:00+00:00,2018-03-19T09:00:00+09:00,2000.0,2320.0,1960.0,2315.0,732232.16567497,1549185044.6073256,1521503979020,2000.0,RISE,315.0,315.0,0.1575,0.1575,
CRIX.UPBIT.KRW-STEEM,2018-03-18T00:00:00+00:00,2018-03-18T09:00:00+09:00,1990.0,2015.0,1620.0,2000.0,604346.85558857,1092087164.2868762,1521417570846,1995.0,RISE,5.0,5.0,0.0025062657,0.0025062657,
CRIX.UPBIT.KRW-STEEM,2018-03-17T00:00:00+00:00,2018-03-17T09:00:00+09:00,2230.0,2270.0,1950.0,1995.0,277497.87743005,582291464.2104363,1521331179863,2230.0,FALL,235.0,-235.0,0.1053811659,-0.1053811659,
CRIX.UPBIT.KRW-STEEM,2018-03-16T00:00:00+00:00,2018-03-16T09:00:00+09:00,2325.0,2375.0,2145.0,2230.0,303537.55905664,682695843.6756847,1521244775208,2310.0,FALL,80.0,-80.0,0.0346320346,-0.0346320346,
CRIX.UPBIT.KRW-STEEM,2018-03-15T00:00:00+00:00,2018-03-15T09:00:00+09:00,2450.0,2535.0,2080.0,2310.0,791966.20364258,1788601058.0709467,1521158327291,2450.0,FALL,140.0,-140.0,0.0571428571,-0.0571428571,
CRIX.UPBIT.KRW-STEEM,2018-03-14T00:00:00+00:00,2018-03-14T09:00:00+09:00,2705.0,2970.0,2350.0,2450.0,2897044.25293597,8100384290.382987,1521071978658,2700.0,FALL,250.0,-250.0,0.0925925926,-0.0925925926,
CRIX.UPBIT.KRW-STEEM,2018-03-13T00:00:00+00:00,2018-03-13T09:00:00+09:00,2685.0,2850.0,2480.0,2700.0,1308413.00142025,3453702438.007862,1520985572742,2695.0,RISE,5.0,5.0,0.0018552876,0.0018552876,
CRIX.UPBIT.KRW-STEEM,2018-03-12T00:00:00+00:00,2018-03-12T09:00:00+09:00,2765.0,2895.0,2610.0,2695.0,551135.23520001,1531119127.7975562,1520899195063,2765.0,FALL,70.0,-70.0,0.0253164557,-0.0253164557,
CRIX.UPBIT.KRW-STEEM,2018-03-11T00:00:00+00:00,2018-03-11T09:00:00+09:00,2650.0,2890.0,2450.0,2765.0,698092.65928694,1908823817.8214424,1520812794274,2655.0,RISE,110.0,110.0,0.0414312618,0.0414312618,
CRIX.UPBIT.KRW-STEEM,2018-03-10T00:00:00+00:00,2018-03-10T09:00:00+09:00,2830.0,2945.0,2600.0,2655.0,432959.90353696,1213072594.339052,1520726344792,2825.0,FALL,170.0,-170.0,0.0601769912,-0.0601769912,
CRIX.UPBIT.KRW-STEEM,2018-03-09T00:00:00+00:00,2018-03-09T09:00:00+09:00,2900.0,2955.0,2370.0,2825.0,868045.25202349,2273187277.7791414,1520639995265,2900.0,FALL,75.0,-75.0,0.025862069,-0.025862069,
CRIX.UPBIT.KRW-STEEM,2018-03-08T00:00:00+00:00,2018-03-08T09:00:00+09:00,3095.0,3240.0,2900.0,2900.0,591371.61746988,1830922007.3215442,1520553599887,3070.0,FALL,170.0,-170.0,0.0553745928,-0.0553745928,
CRIX.UPBIT.KRW-STEEM,2018-03-07T00:00:00+00:00,2018-03-07T09:00:00+09:00,3525.0,3650.0,2895.0,3070.0,757492.68395704,2495771417.575323,1520467182209,3530.0,FALL,460.0,-460.0,0.1303116147,-0.1303116147,
CRIX.UPBIT.KRW-STEEM,2018-03-06T00:00:00+00:00,2018-03-06T09:00:00+09:00,3825.0,3840.0,3510.0,3530.0,552770.72662168,2028116415.335237,1520380770673,3825.0,FALL,295.0,-295.0,0.077124183,-0.077124183,
CRIX.UPBIT.KRW-STEEM,2018-03-05T00:00:00+00:00,2018-03-05T09:00:00+09:00,3875.0,4015.0,3765.0,3825.0,962520.63411709,3719132237.022568,1520294393883,3880.0,FALL,55.0,-55.0,0.0141752577,-0.0141752577,
CRIX.UPBIT.KRW-STEEM,2018-03-04T00:00:00+00:00,2018-03-04T09:00:00+09:00,4015.0,4055.0,3720.0,3880.0,687312.57703829,2649746208.7799845,1520207986427,4010.0,FALL,130.0,-130.0,0.0324189526,-0.0324189526,
CRIX.UPBIT.KRW-STEEM,2018-03-03T00:00:00+00:00,2018-03-03T09:00:00+09:00,3700.0,4025.0,3655.0,4010.0,1025450.90530001,3919866800.712996,1520121601330,3700.0,RISE,310.0,310.0,0.0837837838,0.0837837838,
CRIX.UPBIT.KRW-STEEM,2018-03-02T00:00:00+00:00,2018-03-02T09:00:00+09:00,3805.0,3805.0,3560.0,3700.0,761471.86502634,2775037494.2348204,1520035174046,3805.0,FALL,105.0,-105.0,0.0275952694,-0.0275952694,
CRIX.UPBIT.KRW-STEEM,2018-03-01T00:00:00+00:00,2018-03-01T09:00:00+09:00,3680.0,3855.0,3500.0,3805.0,781288.75524547,2853340941.286936,1519948800990,3680.0,RISE,125.0,125.0,0.0339673913,0.0339673913,
CRIX.UPBIT.KRW-STEEM,2018-02-28T00:00:00+00:00,2018-02-28T09:00:00+09:00,3855.0,3865.0,3650.0,3680.0,658894.92787508,2472291734.6162677,1519862402301,3855.0,FALL,175.0,-175.0,0.0453955901,-0.0453955901,
CRIX.UPBIT.KRW-STEEM,2018-02-27T00:00:00+00:00,2018-02-27T09:00:00+09:00,4015.0,4065.0,3770.0,3855.0,918625.57802414,3548217087.4299836,1519775992600,4020.0,FALL,165.0,-165.0,0.0410447761,-0.0410447761,
CRIX.UPBIT.KRW-STEEM,2018-02-26T00:00:00+00:00,2018-02-26T09:00:00+09:00,4000.0,4030.0,3720.0,4020.0,886519.76880843,3440800538.768567,1519689598004,3995.0,RISE,25.0,25.0,0.0062578223,0.0062578223,
CRIX.UPBIT.KRW-STEEM,2018-02-25T00:00:00+00:00,2018-02-25T09:00:00+09:00,3930.0,4140.0,3725.0,3995.0,636592.91487641,2483790765.0061913,1519603202001,3930.0,RISE,65.0,65.0,0.0165394402,0.0165394402,
CRIX.UPBIT.KRW-STEEM,2018-02-24T00:00:00+00:00,2018-02-24T09:00:00+09:00,4135.0,4245.0,3760.0,3930.0,1094719.12047268,4401171288.391258,1519516799250,4140.0,FALL,210.0,-210.0,0.0507246377,-0.0507246377,
CRIX.UPBIT.KRW-STEEM,2018-02-23T00:00:00+00:00,2018-02-23T09:00:00+09:00,3940.0,4310.0,3630.0,4140.0,2217964.73772667,8989654400.231735,1519430401646,3940.0,RISE,200.0,200.0,0.0507614213,0.0507614213,
CRIX.UPBIT.KRW-STEEM,2018-02-22T00:00:00+00:00,2018-02-22T09:00:00+09:00,4320.0,4360.0,3730.0,3940.0,1376811.85531801,5536470171.218083,1519343999158,4320.0,FALL,380.0,-380.0,0.087962963,-0.087962963,
CRIX.UPBIT.KRW-STEEM,2018-02-21T00:00:00+00:00,2018-02-21T09:00:00+09:00,4660.0,4695.0,4170.0,4320.0,1958866.20568309,8650905097.183899,1519257601916,4660.0,FALL,340.0,-340.0,0.0729613734,-0.0729613734,
CRIX.UPBIT.KRW-STEEM,2018-02-20T00:00:00+00:00,2018-02-20T09:00:00+09:00,4935.0,5010.0,4560.0,4660.0,3508409.29484064,16822919227.851183,1519171202068,4945.0,FALL,285.0,-285.0,0.0576339737,-0.0576339737,
CRIX.UPBIT.KRW-STEEM,2018-02-19T00:00:00+00:00,2018-02-19T09:00:00+09:00,4695.0,4985.0,4540.0,4945.0,3771865.12121183,18104332178.12529,1519084801877,4695.0,RISE,250.0,250.0,0.0532481363,0.0532481363,
CRIX.UPBIT.KRW-STEEM,2018-02-18T00:00:00+00:00,2018-02-18T09:00:00+09:00,5030.0,5105.0,4425.0,4695.0,2849830.19620276,13644903744.981,1518998401327,5025.0,FALL,330.0,-330.0,0.0656716418,-0.0656716418,
CRIX.UPBIT.KRW-STEEM,2018-02-17T00:00:00+00:00,2018-02-17T09:00:00+09:00,4960.0,5090.0,4730.0,5025.0,3828685.51590553,18931879600.92359,1518911999785,4960.0,RISE,65.0,65.0,0.0131048387,0.0131048387,
CRIX.UPBIT.KRW-STEEM,2018-02-16T00:00:00+00:00,2018-02-16T09:00:00+09:00,4920.0,4970.0,4705.0,4960.0,2776699.47446892,13486757582.72022,1518825599776,4920.0,RISE,40.0,40.0,0.0081300813,0.0081300813,
CRIX.UPBIT.KRW-STEEM,2018-02-15T00:00:00+00:00,2018-02-15T09:00:00+09:00,4835.0,4995.0,4670.0,4920.0,5791084.41193458,28077083608.249424,1518739202183,4835.0,RISE,85.0,85.0,0.0175801448,0.0175801448,
CRIX.UPBIT.KRW-STEEM,2018-02-14T00:00:00+00:00,2018-02-14T09:00:00+09:00,4685.0,4840.0,4540.0,4835.0,4482993.08473374,21019476036.984653,1518652799467,4685.0,RISE,150.0,150.0,0.0320170758,0.0320170758,
CRIX.UPBIT.KRW-STEEM,2018-02-13T00:00:00+00:00,2018-02-13T09:00:00+09:00,4680.0,4915.0,4380.0,4685.0,5851928.85699189,27178158859.662067,1518566401268,4680.0,RISE,5.0,5.0,0.0010683761,0.0010683761,
CRIX.UPBIT.KRW-STEEM,2018-02-12T00:00:00+00:00,2018-02-12T09:00:00+09:00,4395.0,4690.0,4360.0,4680.0,4045083.0850226,18273239741.495007,1518479999055,4395.0,RISE,285.0,285.0,0.0648464164,0.0648464164,
CRIX.UPBIT.KRW-STEEM,2018-02-11T00:00:00+00:00,2018-02-11T09:00:00+09:00,4945.0,5045.0,4180.0,4395.0,6088566.00646963,27173802642.92664,1518393595832,4945.0,FALL,550.0,-550.0,0.111223458,-0.111223458,
CRIX.UPBIT.KRW-STEEM,2018-02-10T00:00:00+00:00,2018-02-10T09:00:00+09:00,4780.0,5620.0,4400.0,4945.0,23382885.27167601,118536518323.74419,1518307202035,4780.0,RISE,165.0,165.0,0.0345188285,0.0345188285,
CRIX.UPBIT.KRW-STEEM,2018-02-09T00:00:00+00:00,2018-02-09T09:00:00+09:00,4390.0,4880.0,4265.0,4780.0,14078738.41100135,65275221922.95331,1518220802360,4390.0,RISE,390.0,390.0,0.0888382688,0.0888382688,
CRIX.UPBIT.KRW-STEEM,2018-02-08T00:00:00+00:00,2018-02-08T09:00:00+09:00,4000.0,4545.0,3930.0,4390.0,9753204.9915773,41154861820.04667,1518134400515,4000.0,RISE,390.0,390.0,0.0975,0.0975,
CRIX.UPBIT.KRW-STEEM,2018-02-07T00:00:00+00:00,2018-02-07T09:00:00+09:00,4345.0,4535.0,3775.0,4000.0,14489362.76679312,60122836328.14355,1518048001395,4345.0,FALL,345.0,-345.0,0.079401611,-0.079401611,
CRIX.UPBIT.KRW-STEEM,2018-02-06T00:00:00+00:00,2018-02-06T09:00:00+09:00,3640.0,4395.0,2865.0,4345.0,20557162.70033611,73060123486.50943,1517961601939,3650.0,RISE,695.0,695.0,0.1904109589,0.1904109589,
CRIX.UPBIT.KRW-STEEM,2018-02-05T00:00:00+00:00,2018-02-05T09:00:00+09:00,4185.0,4680.0,3535.0,3650.0,8828223.88347239,35834014284.91159,1517875199821,4200.0,FALL,550.0,-550.0,0.130952381,-0.130952381,
CRIX.UPBIT.KRW-STEEM,2018-02-04T00:00:00+00:00,2018-02-04T09:00:00+09:00,4885.0,5085.0,4080.0,4200.0,9384562.92200078,43812115649.3138,1517788798256,4885.0,FALL,685.0,-685.0,0.1402251791,-0.1402251791,
CRIX.UPBIT.KRW-STEEM,2018-02-03T00:00:00+00:00,2018-02-03T09:00:00+09:00,4795.0,5195.0,3850.0,4885.0,14380508.37980672,65666710698.60195,1517702401943,4795.0,RISE,90.0,90.0,0.0187695516,0.0187695516,
CRIX.UPBIT.KRW-STEEM,2018-02-02T00:00:00+00:00,2018-02-02T09:00:00+09:00,5315.0,5550.0,3260.0,4795.0,22506202.16367916,97821062862.68535,1517616001167,5310.0,FALL,515.0,-515.0,0.0969868173,-0.0969868173,
CRIX.UPBIT.KRW-STEEM,2018-02-01T00:00:00+00:00,2018-02-01T09:00:00+09:00,5570.0,6625.0,4985.0,5310.0,23072634.28063765,131116625202.32495,1517529599430,5570.0,FALL,260.0,-260.0,0.0466786355,-0.0466786355,
CRIX.UPBIT.KRW-STEEM,2018-01-31T00:00:00+00:00,2018-01-31T09:00:00+09:00,5195.0,5930.0,4265.0,5570.0,12037225.57140668,65556562151.02132,1517443198307,5200.0,RISE,370.0,370.0,0.0711538462,0.0711538462,
CRIX.UPBIT.KRW-STEEM,2018-01-30T00:00:00+00:00,2018-01-30T09:00:00+09:00,6485.0,6485.0,5050.0,5200.0,6259238.62328525,36258328544.847435,1517356801782,6485.0,FALL,1285.0,-1285.0,0.1981495759,-0.1981495759,
CRIX.UPBIT.KRW-STEEM,2018-01-29T00:00:00+00:00,2018-01-29T09:00:00+09:00,7015.0,7015.0,6365.0,6485.0,5250067.80088104,34582388969.412636,1517270401302,7015.0,FALL,530.0,-530.0,0.0755523877,-0.0755523877,
CRIX.UPBIT.KRW-STEEM,2018-01-28T00:00:00+00:00,2018-01-28T09:00:00+09:00,6850.0,7130.0,6570.0,7015.0,9315742.19041738,63412341483.9991,1517184001695,6860.0,RISE,155.0,155.0,0.0225947522,0.0225947522,
CRIX.UPBIT.KRW-STEEM,2018-01-27T00:00:00+00:00,2018-01-27T09:00:00+09:00,7150.0,7400.0,6540.0,6860.0,10694214.80372873,73655693452.3539,1517097601163,7150.0,FALL,290.0,-290.0,0.0405594406,-0.0405594406,
CRIX.UPBIT.KRW-STEEM,2018-01-26T00:00:00+00:00,2018-01-26T09:00:00+09:00,7485.0,7820.0,5880.0,7150.0,30259326.69346894,210053554041.3493,1517011200807,7485.0,FALL,335.0,-335.0,0.044756179,-0.044756179,
CRIX.UPBIT.KRW-STEEM,2018-01-25T00:00:00+00:00,2018-01-25T09:00:00+09:00,7435.0,8120.0,6635.0,7485.0,36434909.20343751,274174990829.44073,1516924800922,7435.0,RISE,50.0,50.0,0.0067249496,0.0067249496,
CRIX.UPBIT.KRW-STEEM,2018-01-24T00:00:00+00:00,2018-01-24T09:00:00+09:00,5190.0,7575.0,4935.0,7435.0,24456120.74886904,156990838264.74252,1516838401541,5195.0,RISE,2240.0,2240.0,0.4311838306,0.4311838306,
CRIX.UPBIT.KRW-STEEM,2018-01-23T00:00:00+00:00,2018-01-23T09:00:00+09:00,5690.0,5825.0,4700.0,5195.0,2034932.60424162,10671766396.497639,1516751990601,5700.0,FALL,505.0,-505.0,0.0885964912,-0.0885964912,
CRIX.UPBIT.KRW-STEEM,2018-01-22T00:00:00+00:00,2018-01-22T09:00:00+09:00,6300.0,6600.0,4915.0,5700.0,3140497.73497399,17659564065.829353,1516665593244,6300.0,FALL,600.0,-600.0,0.0952380952,-0.0952380952,
CRIX.UPBIT.KRW-STEEM,2018-01-21T00:00:00+00:00,2018-01-21T09:00:00+09:00,7265.0,7885.0,5350.0,6300.0,10068662.24935161,68257464770.72846,1516579201521,7265.0,FALL,965.0,-965.0,0.1328286304,-0.1328286304,
CRIX.UPBIT.KRW-STEEM,2018-01-20T00:00:00+00:00,2018-01-20T09:00:00+09:00,6405.0,7925.0,6200.0,7265.0,16630370.82014262,120732662110.05077,1516492795412,6405.0,RISE,860.0,860.0,0.1342701015,0.1342701015,
CRIX.UPBIT.KRW-STEEM,2018-01-19T00:00:00+00:00,2018-01-19T09:00:00+09:00,5560.0,7160.0,5400.0,6405.0,9344219.91320974,59241409270.936134,1516406398447,5560.0,RISE,845.0,845.0,0.1519784173,0.1519784173,
CRIX.UPBIT.KRW-STEEM,2018-01-18T00:00:00+00:00,2018-01-18T09:00:00+09:00,5505.0,6305.0,4725.0,5560.0,2023487.65792842,11070961887.056313,1516320000081,5505.0,RISE,55.0,55.0,0.0099909173,0.0099909173,
CRIX.UPBIT.KRW-STEEM,2018-01-17T00:00:00+00:00,2018-01-17T09:00:00+09:00,4865.0,5760.0,3500.0,5505.0,2487615.35962508,11453245580.039028,1516233601419,4820.0,RISE,685.0,685.0,0.1421161826,0.1421161826,
CRIX.UPBIT.KRW-STEEM,2018-01-16T00:00:00+00:00,2018-01-16T09:00:00+09:00,7670.0,7830.0,3335.0,4820.0,2954369.31137459,16858773179.329535,1516147190865,7665.0,FALL,2845.0,-2845.0,0.3711676451,-0.3711676451,
CRIX.UPBIT.KRW-STEEM,2018-01-15T00:00:00+00:00,2018-01-15T09:00:00+09:00,8290.0,9100.0,7530.0,7665.0,2537940.79479654,21031707514.67273,1516060786592,8250.0,FALL,585.0,-585.0,0.0709090909,-0.0709090909,
CRIX.UPBIT.KRW-STEEM,2018-01-14T00:00:00+00:00,2018-01-14T09:00:00+09:00,9275.0,9315.0,7430.0,8250.0,2139099.85264153,17516166214.171185,1515974393555,9275.0,FALL,1025.0,-1025.0,0.1105121294,-0.1105121294,
CRIX.UPBIT.KRW-STEEM,2018-01-13T00:00:00+00:00,2018-01-13T09:00:00+09:00,8040.0,9750.0,7800.0,9275.0,8742267.24142267,80273989171.63484,1515887998702,8040.0,RISE,1235.0,1235.0,0.1536069652,0.1536069652,
CRIX.UPBIT.KRW-STEEM,2018-01-12T00:00:00+00:00,2018-01-12T09:00:00+09:00,6485.0,8385.0,5700.0,8040.0,5546077.48422822,41805128027.57864,1515801600196,6485.0,RISE,1555.0,1555.0,0.2397841172,0.2397841172,
CRIX.UPBIT.KRW-STEEM,2018-01-11T00:00:00+00:00,2018-01-11T09:00:00+09:00,7500.0,7760.0,3755.0,6485.0,2772373.65304887,17834752510.793633,1515715199359,7470.0,FALL,985.0,-985.0,0.1318607764,-0.1318607764,
CRIX.UPBIT.KRW-STEEM,2018-01-10T00:00:00+00:00,2018-01-10T09:00:00+09:00,9815.0,9850.0,7025.0,7470.0,2444313.80551261,20242824243.97482,1515628788413,9815.0,FALL,2345.0,-2345.0,0.2389200204,-0.2389200204,
CRIX.UPBIT.KRW-STEEM,2018-01-09T00:00:00+00:00,2018-01-09T09:00:00+09:00,9965.0,10270.0,9270.0,9815.0,2994951.83109093,29388582930.682938,1515542400562,9985.0,FALL,170.0,-170.0,0.0170255383,-0.0170255383,
CRIX.UPBIT.KRW-STEEM,2018-01-08T00:00:00+00:00,2018-01-08T09:00:00+09:00,10130.0,10700.0,8760.0,9985.0,6524034.7929165,65396973993.48405,1515455997590,10120.0,FALL,135.0,-135.0,0.0133399209,-0.0133399209,
CRIX.UPBIT.KRW-STEEM,2018-01-07T00:00:00+00:00,2018-01-07T09:00:00+09:00,10240.0,11170.0,9455.0,10120.0,7643355.28124588,76876398352.74678,1515369598847,10240.0,FALL,120.0,-120.0,0.01171875,-0.01171875,
CRIX.UPBIT.KRW-STEEM,2018-01-06T00:00:00+00:00,2018-01-06T09:00:00+09:00,9310.0,10600.0,8000.0,10240.0,8019315.09214544,77731674140.88141,1515283199460,9320.0,RISE,920.0,920.0,0.0987124464,0.0987124464,
CRIX.UPBIT.KRW-STEEM,2018-01-05T00:00:00+00:00,2018-01-05T09:00:00+09:00,10310.0,11400.0,9010.0,9320.0,9723554.13245288,97637766435.53598,1515196799612,10290.0,FALL,970.0,-970.0,0.0942662779,-0.0942662779,
CRIX.UPBIT.KRW-STEEM,2018-01-04T00:00:00+00:00,2018-01-04T09:00:00+09:00,11180.0,12230.0,9215.0,10290.0,14198330.28159802,154660550774.79303,1515110400758,11180.0,FALL,890.0,-890.0,0.0796064401,-0.0796064401,
CRIX.UPBIT.KRW-STEEM,2018-01-03T00:00:00+00:00,2018-01-03T09:00:00+09:00,9420.0,12570.0,8405.0,11180.0,42042400.9380661,432838337063.043,1515024005075,9400.0,RISE,1780.0,1780.0,0.1893617021,0.1893617021,
CRIX.UPBIT.KRW-STEEM,2018-01-02T00:00:00+00:00,2018-01-02T09:00:00+09:00,5765.0,9840.0,5395.0,9400.0,42321871.01805529,347736022862.85645,1514937600607,5800.0,RISE,3600.0,3600.0,0.6206896552,0.6206896552,
CRIX.UPBIT.KRW-STEEM,2018-01-01T00:00:00+00:00,2018-01-01T09:00:00+09:00,4150.0,6325.0,3985.0,5800.0,12827106.51192324,66470581762.88971,1514851198828,4150.0,RISE,1650.0,1650.0,0.3975903614,0.3975903614,
CRIX.UPBIT.KRW-STEEM,2017-12-31T00:00:00+00:00,2017-12-31T09:00:00+09:00,3865.0,4200.0,3790.0,4150.0,1187799.61884707,4703759935.119419,1514764793513,3865.0,RISE,285.0,285.0,0.0737386805,0.0737386805,
CRIX.UPBIT.KRW-STEEM,2017-12-30T00:00:00+00:00,2017-12-30T09:00:00+09:00,4200.0,4475.0,3685.0,3865.0,1742937.33280221,6862170238.260134,1514678306901,4200.0,FALL,335.0,-335.0,0.0797619048,-0.0797619048,
CRIX.UPBIT.KRW-STEEM,2017-12-29T00:00:00+00:00,2017-12-29T09:00:00+09:00,3940.0,4200.0,3555.0,4200.0,1787464.0282766,6980437195.459672,1514592000413,3940.0,RISE,260.0,260.0,0.0659898477,0.0659898477,
CRIX.UPBIT.KRW-STEEM,2017-12-28T00:00:00+00:00,2017-12-28T09:00:00+09:00,4580.0,4700.0,3270.0,3940.0,1705524.65995886,6790702097.554493,1514505596026,4575.0,FALL,635.0,-635.0,0.1387978142,-0.1387978142,
CRIX.UPBIT.KRW-STEEM,2017-12-27T00:00:00+00:00,2017-12-27T09:00:00+09:00,4735.0,4740.0,4415.0,4575.0,1073901.9079391,4833841204.122153,1514419158742,4735.0,FALL,160.0,-160.0,0.0337909187,-0.0337909187,
CRIX.UPBIT.KRW-STEEM,2017-12-26T00:00:00+00:00,2017-12-26T09:00:00+09:00,4830.0,5280.0,4465.0,4735.0,2864368.86206034,13874505930.32002,1514332797736,4830.0,FALL,95.0,-95.0,0.0196687371,-0.0196687371,
CRIX.UPBIT.KRW-STEEM,2017-12-25T00:00:00+00:00,2017-12-25T09:00:00+09:00,4775.0,4920.0,4405.0,4830.0,2006031.69710122,9292855988.97724,1514246393606,4775.0,RISE,55.0,55.0,0.0115183246,0.0115183246,
CRIX.UPBIT.KRW-STEEM,2017-12-24T00:00:00+00:00,2017-12-24T09:00:00+09:00,4500.0,5480.0,4070.0,4775.0,6278221.94281703,30088808498.81301,1514159994435,4505.0,RISE,270.0,270.0,0.0599334073,0.0599334073,
CRIX.UPBIT.KRW-STEEM,2017-12-23T00:00:00+00:00,2017-12-23T09:00:00+09:00,4145.0,4800.0,3705.0,4505.0,4533497.4452638,19630864138.553993,1514073598345,4145.0,RISE,360.0,360.0,0.0868516285,0.0868516285,
CRIX.UPBIT.KRW-STEEM,2017-12-22T00:00:00+00:00,2017-12-22T09:00:00+09:00,5275.0,5605.0,2915.0,4145.0,5724200.2527683,23410202504.442368,1513987188370,5275.0,FALL,1130.0,-1130.0,0.2142180095,-0.2142180095,
CRIX.UPBIT.KRW-STEEM,2017-12-21T00:00:00+00:00,2017-12-21T09:00:00+09:00,4725.0,5850.0,4270.0,5275.0,7768278.098978,40488021726.244514,1513900800209,4725.0,RISE,550.0,550.0,0.1164021164,0.1164021164,
CRIX.UPBIT.KRW-STEEM,2017-12-20T00:00:00+00:00,2017-12-20T09:00:00+09:00,3825.0,4850.0,3445.0,4725.0,6350570.46556101,25628844496.102627,1513814396103,3820.0,RISE,905.0,905.0,0.2369109948,0.2369109948,
CRIX.UPBIT.KRW-STEEM,2017-12-19T00:00:00+00:00,2017-12-19T09:00:00+09:00,3445.0,4995.0,3000.0,3820.0,6554574.81360332,26235891448.591625,1513727995480,3445.0,RISE,375.0,375.0,0.1088534107,0.1088534107,
CRIX.UPBIT.KRW-STEEM,2017-12-18T00:00:00+00:00,2017-12-18T09:00:00+09:00,2665.0,3600.0,2520.0,3445.0,6633060.86706447,19823581140.199875,1513641599278,2665.0,RISE,780.0,780.0,0.2926829268,0.2926829268,
CRIX.UPBIT.KRW-STEEM,2017-12-17T00:00:00+00:00,2017-12-17T09:00:00+09:00,2440.0,2675.0,2350.0,2665.0,3307510.29957688,8415479330.056088,1513555174563,2440.0,RISE,225.0,225.0,0.0922131148,0.0922131148,
CRIX.UPBIT.KRW-STEEM,2017-12-16T00:00:00+00:00,2017-12-16T09:00:00+09:00,2275.0,2745.0,2255.0,2440.0,5976833.74572772,14714271313.196833,1513468796704,2275.0,RISE,165.0,165.0,0.0725274725,0.0725274725,
CRIX.UPBIT.KRW-STEEM,2017-12-15T00:00:00+00:00,2017-12-15T09:00:00+09:00,2315.0,2520.0,2105.0,2275.0,3539617.47004529,8133913083.823477,1513382373974,2315.0,FALL,40.0,-40.0,0.0172786177,-0.0172786177,
CRIX.UPBIT.KRW-STEEM,2017-12-14T00:00:00+00:00,2017-12-14T09:00:00+09:00,2030.0,2405.0,1950.0,2315.0,4496348.64272084,9873123267.151873,1513295994952,2030.0,RISE,285.0,285.0,0.1403940887,0.1403940887,
CRIX.UPBIT.KRW-STEEM,2017-12-13T00:00:00+00:00,2017-12-13T09:00:00+09:00,2095.0,2100.0,1725.0,2030.0,2108107.72199464,4166166026.9541802,1513209592544,2095.0,FALL,65.0,-65.0,0.031026253,-0.031026253,
CRIX.UPBIT.KRW-STEEM,2017-12-12T00:00:00+00:00,2017-12-12T09:00:00+09:00,2040.0,2100.0,1915.0,2095.0,2680451.60498134,5364259945.028929,1513123192403,2040.0,RISE,55.0,55.0,0.0269607843,0.0269607843,
CRIX.UPBIT.KRW-STEEM,2017-12-11T00:00:00+00:00,2017-12-11T09:00:00+09:00,1950.0,2100.0,1860.0,2040.0,2474128.58732433,4987097945.456076,1513036798922,1950.0,RISE,90.0,90.0,0.0461538462,0.0461538462,
CRIX.UPBIT.KRW-STEEM,2017-12-10T00:00:00+00:00,2017-12-10T09:00:00+09:00,1980.0,2345.0,1310.0,1950.0,7431905.7790204,14431365999.308601,1512950399143,1990.0,FALL,40.0,-40.0,0.0201005025,-0.0201005025,
CRIX.UPBIT.KRW-STEEM,2017-12-09T00:00:00+00:00,2017-12-09T09:00:00+09:00,2505.0,2505.0,1750.0,1990.0,5267797.98163622,11429620032.685593,1512863999307,2500.0,FALL,510.0,-510.0,0.204,-0.204,
CRIX.UPBIT.KRW-STEEM,2017-12-08T00:00:00+00:00,2017-12-08T09:00:00+09:00,3115.0,3450.0,1915.0,2500.0,21911156.36390313,57024476068.112564,1512777596535,3110.0,FALL,610.0,-610.0,0.1961414791,-0.1961414791,
CRIX.UPBIT.KRW-STEEM,2017-12-07T00:00:00+00:00,2017-12-07T09:00:00+09:00,1725.0,3410.0,1700.0,3110.0,28544470.75436698,72956665609.5275,1512691199563,1725.0,RISE,1385.0,1385.0,0.8028985507,0.8028985507,
CRIX.UPBIT.KRW-STEEM,2017-12-06T00:00:00+00:00,2017-12-06T09:00:00+09:00,1840.0,1880.0,1400.0,1725.0,4603230.21410684,8073335559.122821,None,1840.0,FALL,115.0,-115.0,0.0625,-0.0625,
CRIX.UPBIT.KRW-STEEM,2017-12-05T00:00:00+00:00,2017-12-05T09:00:00+09:00,1695.0,2015.0,1695.0,1840.0,10561249.16922963,19328265933.12944,1512518391966,1695.0,RISE,145.0,145.0,0.0855457227,0.0855457227,
CRIX.UPBIT.KRW-STEEM,2017-12-04T00:00:00+00:00,2017-12-04T09:00:00+09:00,1425.0,1740.0,1400.0,1695.0,9919931.75767848,15557224446.609743,1512431999696,1430.0,RISE,265.0,265.0,0.1853146853,0.1853146853,
CRIX.UPBIT.KRW-STEEM,2017-12-03T00:00:00+00:00,2017-12-03T09:00:00+09:00,1415.0,1680.0,1375.0,1430.0,6718302.19199022,9864598273.392984,1512345567091,1415.0,RISE,15.0,15.0,0.0106007067,0.0106007067,
CRIX.UPBIT.KRW-STEEM,2017-12-02T00:00:00+00:00,2017-12-02T09:00:00+09:00,1250.0,1480.0,1180.0,1415.0,7727473.13455045,10045775162.927073,1512259152276,1245.0,RISE,170.0,170.0,0.1365461847,0.1365461847,
CRIX.UPBIT.KRW-STEEM,2017-12-01T00:00:00+00:00,2017-12-01T09:00:00+09:00,1195.0,1270.0,1130.0,1245.0,3549764.96586241,4319660496.778005,1512172795885,1200.0,RISE,45.0,45.0,0.0375,0.0375,
CRIX.UPBIT.KRW-STEEM,2017-11-30T00:00:00+00:00,2017-11-30T09:00:00+09:00,1120.0,1250.0,1025.0,1200.0,3190982.82479715,3658367070.198684,1512086354293,1120.0,RISE,80.0,80.0,0.0714285714,0.0714285714,
CRIX.UPBIT.KRW-STEEM,2017-11-29T00:00:00+00:00,2017-11-29T09:00:00+09:00,1400.0,1550.0,1085.0,1120.0,2583925.32845492,3484471333.047487,1511999988555,1400.0,FALL,280.0,-280.0,0.2,-0.2,
CRIX.UPBIT.KRW-STEEM,2017-11-28T00:00:00+00:00,2017-11-28T09:00:00+09:00,1365.0,1450.0,1250.0,1400.0,2034139.81140248,2796374417.3517838,1511913596533,1365.0,RISE,35.0,35.0,0.0256410256,0.0256410256,
CRIX.UPBIT.KRW-STEEM,2017-11-27T00:00:00+00:00,2017-11-27T09:00:00+09:00,1215.0,1500.0,1200.0,1365.0,2249932.36797341,2903858780.3311048,1511827199438,1215.0,RISE,150.0,150.0,0.1234567901,0.1234567901,
CRIX.UPBIT.KRW-STEEM,2017-11-26T00:00:00+00:00,2017-11-26T09:00:00+09:00,1165.0,1245.0,1100.0,1215.0,1630880.25421157,1913671570.0054796,1511740720516,1165.0,RISE,50.0,50.0,0.0429184549,0.0429184549,
CRIX.UPBIT.KRW-STEEM,2017-11-25T00:00:00+00:00,2017-11-25T09:00:00+09:00,1060.0,1310.0,1060.0,1165.0,2216915.48354829,2594909155.47358,1511654400246,1065.0,RISE,100.0,100.0,0.0938967136,0.0938967136,
CRIX.UPBIT.KRW-STEEM,2017-11-24T00:00:00+00:00,2017-11-24T09:00:00+09:00,1065.0,1090.0,999.0,1065.0,428160.62672985,443232726.9078666,1511567958442,1065.0,EVEN,0.0,None,0,0,
CRIX.UPBIT.KRW-STEEM,2017-11-23T00:00:00+00:00,2017-11-23T09:00:00+09:00,1100.0,1185.0,1015.0,1065.0,418084.1216716,451891413.3873622,1511481590083,1100.0,FALL,35.0,-35.0,0.0318181818,-0.0318181818,
CRIX.UPBIT.KRW-STEEM,2017-11-22T00:00:00+00:00,2017-11-22T09:00:00+09:00,985.0,1510.0,979.0,1100.0,1303139.9721092,1466231468.7026134,1511395172391,984.0,RISE,116.0,116.0,0.1178861789,0.1178861789,
CRIX.UPBIT.KRW-STEEM,2017-11-21T00:00:00+00:00,2017-11-21T09:00:00+09:00,992.0,1020.0,946.0,984.0,6.39,6355.72,1511308747428,995.0,FALL,11.0,-11.0,0.0110552764,-0.0110552764,
CRIX.UPBIT.KRW-STEEM,2017-11-20T00:00:00+00:00,2017-11-20T09:00:00+09:00,995.0,1030.0,974.0,995.0,6.73,6711.21,1511222276552,993.0,RISE,2.0,2.0,0.0020140987,0.0020140987,
CRIX.UPBIT.KRW-STEEM,2017-11-19T00:00:00+00:00,2017-11-19T09:00:00+09:00,1015.0,1030.0,964.0,993.0,6.14,6186.16,1511135931958,1015.0,FALL,22.0,-22.0,0.0216748768,-0.0216748768,
CRIX.UPBIT.KRW-STEEM,2017-11-18T00:00:00+00:00,2017-11-18T09:00:00+09:00,996.0,1050.0,968.0,1015.0,6.72,6794.6,1511049565586,990.0,RISE,25.0,25.0,0.0252525253,0.0252525253,
CRIX.UPBIT.KRW-STEEM,2017-11-17T00:00:00+00:00,2017-11-17T09:00:00+09:00,1025.0,1035.0,958.0,990.0,4.9,4891.46,1510963140758,1020.0,FALL,30.0,-30.0,0.0294117647,-0.0294117647,
CRIX.UPBIT.KRW-STEEM,2017-11-16T00:00:00+00:00,2017-11-16T09:00:00+09:00,1090.0,1095.0,1005.0,1020.0,6.61,6953.0,1510876774692,1080.0,FALL,60.0,-60.0,0.0555555556,-0.0555555556,
CRIX.UPBIT.KRW-STEEM,2017-11-15T00:00:00+00:00,2017-11-15T09:00:00+09:00,1080.0,1115.0,1050.0,1080.0,6.54,7115.0,1510790378515,1080.0,EVEN,0.0,None,0,0,
CRIX.UPBIT.KRW-STEEM,2017-11-14T00:00:00+00:00,2017-11-14T09:00:00+09:00,1060.0,1100.0,1040.0,1080.0,5.25,5610.35,1510703919483,1065.0,RISE,15.0,15.0,0.014084507,0.014084507,
CRIX.UPBIT.KRW-STEEM,2017-11-13T00:00:00+00:00,2017-11-13T09:00:00+09:00,1020.0,1110.0,998.0,1065.0,5.54,5749.07,1510617463454,1010.0,RISE,55.0,55.0,0.0544554455,0.0544554455,
CRIX.UPBIT.KRW-STEEM,2017-11-12T00:00:00+00:00,2017-11-12T09:00:00+09:00,1070.0,1115.0,923.0,1010.0,5.91,6028.35,1510531070122,1055.0,FALL,45.0,-45.0,0.0426540284,-0.0426540284,
CRIX.UPBIT.KRW-STEEM,2017-11-11T00:00:00+00:00,2017-11-11T09:00:00+09:00,1015.0,1080.0,983.0,1055.0,5.93,6144.89,1510444670094,1005.0,RISE,50.0,50.0,0.0497512438,0.0497512438,
CRIX.UPBIT.KRW-STEEM,2017-11-10T00:00:00+00:00,2017-11-10T09:00:00+09:00,1125.0,1145.0,974.0,1005.0,5.94,6339.91,1510358300788,1125.0,FALL,120.0,-120.0,0.1066666667,-0.1066666667,
CRIX.UPBIT.KRW-STEEM,2017-11-09T00:00:00+00:00,2017-11-09T09:00:00+09:00,1050.0,1255.0,1040.0,1125.0,5.99,6802.85,1510271901725,1065.0,RISE,60.0,60.0,0.0563380282,0.0563380282,
CRIX.UPBIT.KRW-STEEM,2017-11-08T00:00:00+00:00,2017-11-08T09:00:00+09:00,1005.0,1070.0,988.0,1065.0,5.86,5976.25,1510185499395,997.0,RISE,68.0,68.0,0.0682046138,0.0682046138,
CRIX.UPBIT.KRW-STEEM,2017-11-07T00:00:00+00:00,2017-11-07T09:00:00+09:00,1020.0,1070.0,972.0,997.0,5.59,5702.27,1510099150267,1000.0,FALL,3.0,-3.0,0.003,-0.003,
CRIX.UPBIT.KRW-STEEM,2017-11-06T00:00:00+00:00,2017-11-06T09:00:00+09:00,1000.0,1050.0,1000.0,1000.0,0.74,756.3,1510012164780,1015.0,FALL,15.0,-15.0,0.0147783251,-0.0147783251,
CRIX.UPBIT.KRW-STEEM,2017-11-05T00:00:00+00:00,2017-11-05T09:00:00+09:00,1020.0,1070.0,1000.0,1015.0,1.49,1539.4,1509896019845,1025.0,FALL,10.0,-10.0,0.0097560976,-0.0097560976,
CRIX.UPBIT.KRW-STEEM,2017-11-04T00:00:00+00:00,2017-11-04T09:00:00+09:00,1055.0,1075.0,997.0,1025.0,2.31,2392.09,1509839979508,1075.0,FALL,50.0,-50.0,0.0465116279,-0.0465116279,
CRIX.UPBIT.KRW-STEEM,2017-11-03T00:00:00+00:00,2017-11-03T09:00:00+09:00,1035.0,1110.0,968.0,1075.0,2.32,2413.55,1509753586997,1035.0,RISE,40.0,40.0,0.038647343,0.038647343,
CRIX.UPBIT.KRW-STEEM,2017-11-02T00:00:00+00:00,2017-11-02T09:00:00+09:00,1020.0,1040.0,933.0,1035.0,2.3,2287.53,1509666861170,1020.0,RISE,15.0,15.0,0.0147058824,0.0147058824,
CRIX.UPBIT.KRW-STEEM,2017-11-01T00:00:00+00:00,2017-11-01T09:00:00+09:00,1090.0,1115.0,981.0,1020.0,2.24,2347.52,1509580655207,1090.0,FALL,70.0,-70.0,0.0642201835,-0.0642201835,
CRIX.UPBIT.KRW-STEEM,2017-10-31T00:00:00+00:00,2017-10-31T09:00:00+09:00,1095.0,1140.0,1075.0,1090.0,1.98,2193.0,1509494124266,1100.0,FALL,10.0,-10.0,0.0090909091,-0.0090909091,
CRIX.UPBIT.KRW-STEEM,2017-10-30T00:00:00+00:00,2017-10-30T09:00:00+09:00,1095.0,1125.0,1080.0,1100.0,3.52,3885.2,1509407917423,1095.0,RISE,5.0,5.0,0.00456621,0.00456621,
CRIX.UPBIT.KRW-STEEM,2017-10-29T00:00:00+00:00,2017-10-29T09:00:00+09:00,1115.0,1165.0,1095.0,1095.0,2.33,2615.45,1509321582827,1115.0,FALL,20.0,-20.0,0.0179372197,-0.0179372197,
CRIX.UPBIT.KRW-STEEM,2017-10-28T00:00:00+00:00,2017-10-28T09:00:00+09:00,1155.0,1175.0,1090.0,1115.0,2.16,2423.2,1509235238176,1160.0,FALL,45.0,-45.0,0.0387931034,-0.0387931034,
CRIX.UPBIT.KRW-STEEM,2017-10-27T00:00:00+00:00,2017-10-27T09:00:00+09:00,1130.0,1170.0,1100.0,1160.0,2.33,2642.3,1509148541625,1120.0,RISE,40.0,40.0,0.0357142857,0.0357142857,
CRIX.UPBIT.KRW-STEEM,2017-10-26T00:00:00+00:00,2017-10-26T09:00:00+09:00,1170.0,1200.0,1065.0,1120.0,2.34,2664.3,1509062410316,1170.0,FALL,50.0,-50.0,0.0427350427,-0.0427350427,
CRIX.UPBIT.KRW-STEEM,2017-10-25T00:00:00+00:00,2017-10-25T09:00:00+09:00,1165.0,1185.0,1095.0,1170.0,2.33,2659.35,1508975665375,1170.0,EVEN,0.0,None,0,0,
CRIX.UPBIT.KRW-STEEM,2017-10-24T00:00:00+00:00,2017-10-24T09:00:00+09:00,1105.0,1245.0,1100.0,1170.0,2.15,2516.7,1508889517256,1125.0,RISE,45.0,45.0,0.04,0.04,
CRIX.UPBIT.KRW-STEEM,2017-10-20T00:00:00+00:00,2017-10-20T09:00:00+09:00,1215.0,1275.0,1125.0,1125.0,64.9,78314.1,1508514669712,1235.0,FALL,110.0,-110.0,0.0890688259,-0.0890688259,
CRIX.UPBIT.KRW-STEEM,2017-10-19T00:00:00+00:00,2017-10-19T09:00:00+09:00,1220.0,1245.0,1130.0,1235.0,234.0,277930.0,1508457557550,1215.0,RISE,20.0,20.0,0.0164609053,0.0164609053,
CRIX.UPBIT.KRW-STEEM,2017-10-18T00:00:00+00:00,2017-10-18T09:00:00+09:00,1200.0,1280.0,1125.0,1215.0,81.0166,100064.6335,1508371154394,1195.0,RISE,20.0,20.0,0.0167364017,0.0167364017,
CRIX.UPBIT.KRW-STEEM,2017-10-17T00:00:00+00:00,2017-10-17T09:00:00+09:00,1170.0,1225.0,1140.0,1195.0,0.0597,70.3305,1508284769008,1175.0,RISE,20.0,20.0,0.0170212766,0.0170212766,
CRIX.UPBIT.KRW-STEEM,2017-10-16T00:00:00+00:00,2017-10-16T09:00:00+09:00,1205.0,1225.0,1140.0,1175.0,0.0504,59.131,1508198286099,1220.0,FALL,45.0,-45.0,0.0368852459,-0.0368852459,
CRIX.UPBIT.KRW-STEEM,2017-10-15T00:00:00+00:00,2017-10-15T09:00:00+09:00,1195.0,1245.0,1120.0,1220.0,0.0515,60.1145,1508111871182,1200.0,RISE,20.0,20.0,0.0166666667,0.0166666667,
CRIX.UPBIT.KRW-STEEM,2017-10-14T00:00:00+00:00,2017-10-14T09:00:00+09:00,1170.0,1360.0,1135.0,1200.0,0.0515,61.942,1508025467035,1165.0,RISE,35.0,35.0,0.0300429185,0.0300429185,
CRIX.UPBIT.KRW-STEEM,2017-10-13T00:00:00+00:00,2017-10-13T09:00:00+09:00,1205.0,1235.0,1100.0,1165.0,0.0511,58.8225,1507939086550,1210.0,FALL,45.0,-45.0,0.0371900826,-0.0371900826,
CRIX.UPBIT.KRW-STEEM,2017-10-12T00:00:00+00:00,2017-10-12T09:00:00+09:00,1265.0,1285.0,1155.0,1210.0,0.0512,61.5555,1507852754062,1260.0,FALL,50.0,-50.0,0.0396825397,-0.0396825397,
CRIX.UPBIT.KRW-STEEM,2017-10-11T00:00:00+00:00,2017-10-11T09:00:00+09:00,1195.0,1300.0,1180.0,1260.0,0.0512,63.651,1507766414898,1180.0,RISE,80.0,80.0,0.0677966102,0.0677966102,
CRIX.UPBIT.KRW-STEEM,2017-10-10T00:00:00+00:00,2017-10-10T09:00:00+09:00,1220.0,1290.0,1155.0,1180.0,0.0516,62.75,1507679981304,1210.0,FALL,30.0,-30.0,0.0247933884,-0.0247933884,
CRIX.UPBIT.KRW-STEEM,2017-10-09T00:00:00+00:00,2017-10-09T09:00:00+09:00,1245.0,1305.0,1110.0,1210.0,0.0519,63.9465,1507593488906,1245.0,FALL,35.0,-35.0,0.0281124498,-0.0281124498,
CRIX.UPBIT.KRW-STEEM,2017-10-08T00:00:00+00:00,2017-10-08T09:00:00+09:00,1380.0,1385.0,1200.0,1245.0,0.0519,69.241,1507507150526,1380.0,FALL,135.0,-135.0,0.097826087,-0.097826087,
CRIX.UPBIT.KRW-STEEM,2017-10-07T00:00:00+00:00,2017-10-07T09:00:00+09:00,1375.0,1450.0,1345.0,1380.0,0.0521,71.603,1507420733970,1385.0,FALL,5.0,-5.0,0.0036101083,-0.0036101083,
CRIX.UPBIT.KRW-STEEM,2017-10-06T00:00:00+00:00,2017-10-06T09:00:00+09:00,1325.0,1395.0,1320.0,1385.0,0.0499,68.111,1507334281972,1330.0,RISE,55.0,55.0,0.0413533835,0.0413533835,
CRIX.UPBIT.KRW-STEEM,2017-10-05T00:00:00+00:00,2017-10-05T09:00:00+09:00,1370.0,1400.0,1255.0,1330.0,0.047,62.7955,1507247979736,1365.0,FALL,35.0,-35.0,0.0256410256,-0.0256410256,
CRIX.UPBIT.KRW-STEEM,2017-10-04T00:00:00+00:00,2017-10-04T09:00:00+09:00,1410.0,1420.0,1305.0,1365.0,0.0463,63.274,1507161449928,1415.0,FALL,50.0,-50.0,0.035335689,-0.035335689,
CRIX.UPBIT.KRW-STEEM,2017-10-03T00:00:00+00:00,2017-10-03T09:00:00+09:00,1485.0,1500.0,1315.0,1415.0,0.0487,69.0645,1507075142529,1480.0,FALL,65.0,-65.0,0.0439189189,-0.0439189189,
CRIX.UPBIT.KRW-STEEM,2017-10-02T00:00:00+00:00,2017-10-02T09:00:00+09:00,1550.0,1595.0,1455.0,1480.0,0.0525,80.345,1506988798263,1560.0,FALL,80.0,-80.0,0.0512820513,-0.0512820513,
CRIX.UPBIT.KRW-STEEM,2017-10-01T00:00:00+00:00,2017-10-01T09:00:00+09:00,1645.0,1750.0,1550.0,1560.0,0.0523,86.699,1506902253910,1645.0,FALL,85.0,-85.0,0.0516717325,-0.0516717325,
CRIX.UPBIT.KRW-STEEM,2017-09-30T00:00:00+00:00,2017-09-30T09:00:00+09:00,1845.0,1865.0,1580.0,1645.0,0.0525,89.686,1506815944861,1845.0,FALL,200.0,-200.0,0.108401084,-0.108401084,
CRIX.UPBIT.KRW-STEEM,2017-09-29T00:00:00+00:00,2017-09-29T09:00:00+09:00,1575.0,1845.0,1410.0,1845.0,0.0523,84.4065,1506729540891,1560.0,RISE,285.0,285.0,0.1826923077,0.1826923077,
CRIX.UPBIT.KRW-STEEM,2017-09-28T00:00:00+00:00,2017-09-28T09:00:00+09:00,1330.0,1660.0,1300.0,1560.0,0.0496,71.4835,1506643095352,1330.0,RISE,230.0,230.0,0.1729323308,0.1729323308,
CRIX.UPBIT.KRW-STEEM,2017-09-27T00:00:00+00:00,2017-09-27T09:00:00+09:00,1200.0,1400.0,1200.0,1330.0,0.0506,64.6785,1506556706153,1200.0,RISE,130.0,130.0,0.1083333333,0.1083333333,
CRIX.UPBIT.KRW-STEEM,2017-09-26T00:00:00+00:00,2017-09-26T09:00:00+09:00,1205.0,1245.0,1190.0,1200.0,0.0517,62.5325,1506470393955,1205.0,FALL,5.0,-5.0,0.0041493776,-0.0041493776,
CRIX.UPBIT.KRW-STEEM,2017-09-25T00:00:00+00:00,2017-09-25T09:00:00+09:00,1165.0,1225.0,1155.0,1205.0,0.0213,25.502,1506383777064,None,None,None,None,0,0,
